"","Names","scores","Residue.type","kingdom","phylum","class","order","family","genus","species","primarylifestyle","taxon"
"644","k__Fungi|p__Ascomycota|c__Eurotiomycetes|o__Chaetothyriales|f__Herpotrichiellaceae|g__Exophiala|s__pisciphila|t__animal_parasite",2.27342819614289,"No residue","k__Fungi","p__Ascomycota","c__Eurotiomycetes","o__Chaetothyriales","f__Herpotrichiellaceae","Exophiala","pisciphila","animal_parasite","Exophiala pisciphila"
"649","k__Fungi|p__Ascomycota|c__Sordariomycetes|o__Glomerellales|f__Plectosphaerellaceae|g__Stachylidium|s__bicolor|t__animal_parasite",2.66451969429272,"No residue","k__Fungi","p__Ascomycota","c__Sordariomycetes","o__Glomerellales","f__Plectosphaerellaceae","Stachylidium","bicolor","animal_parasite","Stachylidium bicolor"
"42","k__Fungi|p__Ascomycota|c__Sordariomycetes|o__Glomerellales|f__Plectosphaerellaceae|g__Stachylidium|s__bicolor|t__animal_parasite",-2.19482195367872,"Clover","k__Fungi","p__Ascomycota","c__Sordariomycetes","o__Glomerellales","f__Plectosphaerellaceae","Stachylidium","bicolor","animal_parasite","Stachylidium bicolor"
"33","k__Fungi|p__Ascomycota|c__Sordariomycetes|o__Glomerellales|f__Plectosphaerellaceae|g__Stachylidium|s__bicolor|t__animal_parasite",-2.16003150942929,"Five-speices mix","k__Fungi","p__Ascomycota","c__Sordariomycetes","o__Glomerellales","f__Plectosphaerellaceae","Stachylidium","bicolor","animal_parasite","Stachylidium bicolor"
"14","k__Fungi|p__Ascomycota|c__Orbiliomycetes|o__Orbiliales|f__Orbiliales_fam_Incertae_sedis|g__Vermispora|t__animal_parasite",-2.53312925657345,"No residue","k__Fungi","p__Ascomycota","c__Orbiliomycetes","o__Orbiliales","f__Orbiliales_fam_Incertae_sedis","Vermispora",NA,"animal_parasite","Vermispora"
"241","k__Fungi|p__Ascomycota|c__Orbiliomycetes|o__Orbiliales|f__Orbiliales_fam_Incertae_sedis|g__Vermispora|t__animal_parasite",2.88631751466339,"Wheat","k__Fungi","p__Ascomycota","c__Orbiliomycetes","o__Orbiliales","f__Orbiliales_fam_Incertae_sedis","Vermispora",NA,"animal_parasite","Vermispora"
"233","k__Fungi|p__Ascomycota|c__Sordariomycetes|o__Sordariales|f__Lasiosphaeriaceae|g__Schizothecium|t__dung_saprotroph",2.1209128351077,"Wheat","k__Fungi","p__Ascomycota","c__Sordariomycetes","o__Sordariales","f__Lasiosphaeriaceae","Schizothecium",NA,"dung_saprotroph","Schizothecium"
"22","k__Fungi|p__Basidiomycota|c__Agaricomycetes|o__Cantharellales|f__Hydnaceae|g__Minimedusa|s__polyspora|t__lichen_parasite",-2.0589282119349,"No residue","k__Fungi","p__Basidiomycota","c__Agaricomycetes","o__Cantharellales","f__Hydnaceae","Minimedusa","polyspora","lichen_parasite","Minimedusa polyspora"
"239","k__Fungi|p__Basidiomycota|c__Agaricomycetes|o__Cantharellales|f__Hydnaceae|g__Minimedusa|s__polyspora|t__lichen_parasite",2.55595251183901,"Wheat","k__Fungi","p__Basidiomycota","c__Agaricomycetes","o__Cantharellales","f__Hydnaceae","Minimedusa","polyspora","lichen_parasite","Minimedusa polyspora"
"52","k__Fungi|p__Basidiomycota|c__Agaricomycetes|o__Cantharellales|f__Hydnaceae|g__Minimedusa|s__polyspora|t__lichen_parasite",-2.08535655185815,"Clover","k__Fungi","p__Basidiomycota","c__Agaricomycetes","o__Cantharellales","f__Hydnaceae","Minimedusa","polyspora","lichen_parasite","Minimedusa polyspora"
"234","k__Fungi|p__Ascomycota|c__Sordariomycetes|o__Chaetosphaeriales|f__Chaetosphaeriaceae|g__Chloridium|s__aseptatum|t__litter_saprotroph",2.17377515371992,"Wheat","k__Fungi","p__Ascomycota","c__Sordariomycetes","o__Chaetosphaeriales","f__Chaetosphaeriaceae","Chloridium","aseptatum","litter_saprotroph","Chloridium aseptatum"
"633","k__Fungi|p__Ascomycota|c__Sordariomycetes|o__Pseudodactylariales|f__Pseudodactylariaceae|g__Pseudodactylaria|s__fusiformis|t__litter_saprotroph",2.03871739594371,"No residue","k__Fungi","p__Ascomycota","c__Sordariomycetes","o__Pseudodactylariales","f__Pseudodactylariaceae","Pseudodactylaria","fusiformis","litter_saprotroph","Pseudodactylaria fusiformis"
"244","k__Fungi|p__Basidiomycota|c__Agaricomycetes|o__Cantharellales|f__Hydnaceae|g__Sistotrema|s__coronilla|t__litter_saprotroph",2.99576783543187,"Wheat","k__Fungi","p__Basidiomycota","c__Agaricomycetes","o__Cantharellales","f__Hydnaceae","Sistotrema","coronilla","litter_saprotroph","Sistotrema coronilla"
"25","k__Fungi|p__Basidiomycota|c__Agaricomycetes|o__Cantharellales|f__Hydnaceae|g__Sistotrema|s__coronilla|t__litter_saprotroph",-2.56967579513366,"Clover","k__Fungi","p__Basidiomycota","c__Agaricomycetes","o__Cantharellales","f__Hydnaceae","Sistotrema","coronilla","litter_saprotroph","Sistotrema coronilla"
"113","k__Fungi|p__Basidiomycota|c__Agaricomycetes|o__Cantharellales|f__Hydnaceae|g__Sistotrema|s__coronilla|t__litter_saprotroph",-2.50812042152338,"Five-speices mix","k__Fungi","p__Basidiomycota","c__Agaricomycetes","o__Cantharellales","f__Hydnaceae","Sistotrema","coronilla","litter_saprotroph","Sistotrema coronilla"
"5","k__Fungi|p__Mortierellomycota|c__Mortierellomycetes|o__Mortierellales|f__Mortierellaceae|t__NA",-3.18007055441819,"No residue","k__Fungi","p__Mortierellomycota","c__Mortierellomycetes","o__Mortierellales","f__Mortierellaceae",NA,NA,"NA","f__Mortierellaceae"
"242","k__Fungi|p__Mortierellomycota|c__Mortierellomycetes|o__Mortierellales|f__Mortierellaceae|t__NA",2.90222309887607,"Wheat","k__Fungi","p__Mortierellomycota","c__Mortierellomycetes","o__Mortierellales","f__Mortierellaceae",NA,NA,"NA","f__Mortierellaceae"
"2331","k__Fungi|p__Mortierellomycota|c__Mortierellomycetes|o__Mortierellales|f__Mortierellaceae|t__NA",2.68020828963302,"Clover","k__Fungi","p__Mortierellomycota","c__Mortierellomycetes","o__Mortierellales","f__Mortierellaceae",NA,NA,"NA","f__Mortierellaceae"
"647","k__Fungi|p__Ascomycota|c__Sordariomycetes|o__Phomatosporales|f__Phomatosporaceae|t__NA",2.32290366968491,"No residue","k__Fungi","p__Ascomycota","c__Sordariomycetes","o__Phomatosporales","f__Phomatosporaceae",NA,NA,"NA","f__Phomatosporaceae"
"639","k__Fungi|p__Chytridiomycota|c__Rhizophydiomycetes|o__Rhizophydiales|f__Rhizophydiaceae|t__NA",2.20224397417801,"No residue","k__Fungi","p__Chytridiomycota","c__Rhizophydiomycetes","o__Rhizophydiales","f__Rhizophydiaceae",NA,NA,"NA","f__Rhizophydiaceae"
"650","k__Fungi|t__NA",2.69761312438582,"No residue","k__Fungi",NA,NA,NA,NA,NA,NA,"NA","k__Fungi"
"231","k__Fungi|t__NA",2.03663928530502,"Wheat","k__Fungi",NA,NA,NA,NA,NA,NA,"NA","k__Fungi"
"32","k__Fungi|t__NA",-2.37249776390033,"Clover","k__Fungi",NA,NA,NA,NA,NA,NA,"NA","k__Fungi"
"26","k__Fungi|t__NA",-2.45126492447321,"Five-speices mix","k__Fungi",NA,NA,NA,NA,NA,NA,"NA","k__Fungi"
"8","k__Fungi|p__Mortierellomycota|c__Mortierellomycetes|o__Mortierellales|f__Mortierellaceae|g__Linnemannia|t__NA",-3.00514063672444,"No residue","k__Fungi","p__Mortierellomycota","c__Mortierellomycetes","o__Mortierellales","f__Mortierellaceae","Linnemannia",NA,"NA","Linnemannia"
"243","k__Fungi|p__Mortierellomycota|c__Mortierellomycetes|o__Mortierellales|f__Mortierellaceae|g__Linnemannia|t__NA",2.9036864489378,"Wheat","k__Fungi","p__Mortierellomycota","c__Mortierellomycetes","o__Mortierellales","f__Mortierellaceae","Linnemannia",NA,"NA","Linnemannia"
"646","k__Fungi|p__Ascomycota|c__Sordariomycetes|o__Hypocreales|t__NA",2.30588172765136,"No residue","k__Fungi","p__Ascomycota","c__Sordariomycetes","o__Hypocreales",NA,NA,NA,"NA","o__Hypocreales"
"634","k__Fungi|p__Ascomycota|c__Sordariomycetes|o__Sordariales|t__NA",2.04814766836911,"No residue","k__Fungi","p__Ascomycota","c__Sordariomycetes","o__Sordariales",NA,NA,NA,"NA","o__Sordariales"
"235","k__Fungi|p__Ascomycota|c__Sordariomycetes|o__Sordariales|t__NA",2.20043679273057,"Wheat","k__Fungi","p__Ascomycota","c__Sordariomycetes","o__Sordariales",NA,NA,NA,"NA","o__Sordariales"
"62","k__Fungi|p__Ascomycota|c__Sordariomycetes|o__Sordariales|t__NA",-2.06136990175034,"Clover","k__Fungi","p__Ascomycota","c__Sordariomycetes","o__Sordariales",NA,NA,NA,"NA","o__Sordariales"
"43","k__Fungi|p__Ascomycota|c__Sordariomycetes|o__Sordariales|t__NA",-2.02560954545332,"Five-speices mix","k__Fungi","p__Ascomycota","c__Sordariomycetes","o__Sordariales",NA,NA,NA,"NA","o__Sordariales"
"638","k__Fungi|p__Ascomycota|t__NA",2.1980712979092,"No residue","k__Fungi","p__Ascomycota",NA,NA,NA,NA,NA,"NA","p__Ascomycota"
"13","k__Fungi|p__Ascomycota|c__Sordariomycetes|o__Sordariales|f__Naviculisporaceae|g__Pseudorhypophila|s__marina|t__NA",-2.56285238462964,"No residue","k__Fungi","p__Ascomycota","c__Sordariomycetes","o__Sordariales","f__Naviculisporaceae","Pseudorhypophila","marina","NA","Pseudorhypophila marina"
"245","k__Fungi|p__Ascomycota|c__Sordariomycetes|o__Sordariales|f__Naviculisporaceae|g__Pseudorhypophila|s__marina|t__NA",3.11473194768378,"Wheat","k__Fungi","p__Ascomycota","c__Sordariomycetes","o__Sordariales","f__Naviculisporaceae","Pseudorhypophila","marina","NA","Pseudorhypophila marina"
"111","k__Fungi|p__Ascomycota|c__Sordariomycetes|o__Sordariales|f__Naviculisporaceae|g__Pseudorhypophila|s__marina|t__NA",-2.62476623981808,"Clover","k__Fungi","p__Ascomycota","c__Sordariomycetes","o__Sordariales","f__Naviculisporaceae","Pseudorhypophila","marina","NA","Pseudorhypophila marina"
"112","k__Fungi|p__Ascomycota|c__Sordariomycetes|o__Sordariales|f__Naviculisporaceae|g__Pseudorhypophila|s__marina|t__NA",-2.22674566264937,"Wheat-clover mix","k__Fungi","p__Ascomycota","c__Sordariomycetes","o__Sordariales","f__Naviculisporaceae","Pseudorhypophila","marina","NA","Pseudorhypophila marina"
"19","k__Fungi|p__Ascomycota|c__Dothideomycetes|o__Pleosporales|f__Didymellaceae|g__Epicoccum|s__thailandicum|t__plant_pathogen",-2.11652492098631,"No residue","k__Fungi","p__Ascomycota","c__Dothideomycetes","o__Pleosporales","f__Didymellaceae","Epicoccum","thailandicum","plant_pathogen","Epicoccum thailandicum"
"237","k__Fungi|p__Ascomycota|c__Dothideomycetes|o__Pleosporales|f__Didymellaceae|g__Epicoccum|s__thailandicum|t__plant_pathogen",2.37130928343894,"Wheat","k__Fungi","p__Ascomycota","c__Dothideomycetes","o__Pleosporales","f__Didymellaceae","Epicoccum","thailandicum","plant_pathogen","Epicoccum thailandicum"
"238","k__Fungi|p__Ascomycota|c__Sordariomycetes|o__Hypocreales|f__Niessliaceae|g__Eucasphaeria|t__plant_pathogen",2.39743470214708,"Wheat","k__Fungi","p__Ascomycota","c__Sordariomycetes","o__Hypocreales","f__Niessliaceae","Eucasphaeria",NA,"plant_pathogen","Eucasphaeria"
"4","k__Fungi|p__Ascomycota|c__Sordariomycetes|o__Hypocreales|f__Nectriaceae|g__Fusarium|t__plant_pathogen",-3.20560029736386,"No residue","k__Fungi","p__Ascomycota","c__Sordariomycetes","o__Hypocreales","f__Nectriaceae","Fusarium",NA,"plant_pathogen","Fusarium"
"2341","k__Fungi|p__Ascomycota|c__Sordariomycetes|o__Hypocreales|f__Nectriaceae|g__Fusarium|t__plant_pathogen",3.12260347692093,"Clover","k__Fungi","p__Ascomycota","c__Sordariomycetes","o__Hypocreales","f__Nectriaceae","Fusarium",NA,"plant_pathogen","Fusarium"
"9","k__Fungi|p__Ascomycota|c__Sordariomycetes|o__Hypocreales|f__Nectriaceae|g__Fusarium|s__equiseti|t__plant_pathogen",-2.97282115009026,"No residue","k__Fungi","p__Ascomycota","c__Sordariomycetes","o__Hypocreales","f__Nectriaceae","Fusarium","equiseti","plant_pathogen","Fusarium equiseti"
"2301","k__Fungi|p__Ascomycota|c__Sordariomycetes|o__Hypocreales|f__Nectriaceae|g__Fusarium|s__equiseti|t__plant_pathogen",2.53945848451347,"Clover","k__Fungi","p__Ascomycota","c__Sordariomycetes","o__Hypocreales","f__Nectriaceae","Fusarium","equiseti","plant_pathogen","Fusarium equiseti"
"2421","k__Fungi|p__Ascomycota|c__Sordariomycetes|o__Hypocreales|f__Nectriaceae|g__Fusarium|s__equiseti|t__plant_pathogen",2.5501839874724,"Five-speices mix","k__Fungi","p__Ascomycota","c__Sordariomycetes","o__Hypocreales","f__Nectriaceae","Fusarium","equiseti","plant_pathogen","Fusarium equiseti"
"15","k__Fungi|p__Ascomycota|c__Sordariomycetes|o__Hypocreales|f__Nectriaceae|g__Fusarium|s__fujikuroi|t__plant_pathogen",-2.48881760578296,"No residue","k__Fungi","p__Ascomycota","c__Sordariomycetes","o__Hypocreales","f__Nectriaceae","Fusarium","fujikuroi","plant_pathogen","Fusarium fujikuroi"
"228","k__Fungi|p__Ascomycota|c__Sordariomycetes|o__Hypocreales|f__Nectriaceae|g__Fusarium|s__fujikuroi|t__plant_pathogen",2.19511868486878,"Clover","k__Fungi","p__Ascomycota","c__Sordariomycetes","o__Hypocreales","f__Nectriaceae","Fusarium","fujikuroi","plant_pathogen","Fusarium fujikuroi"
"7","k__Fungi|p__Ascomycota|c__Sordariomycetes|o__Hypocreales|f__Nectriaceae|g__Fusarium|s__sporotrichioides|t__plant_pathogen",-3.05550881616233,"No residue","k__Fungi","p__Ascomycota","c__Sordariomycetes","o__Hypocreales","f__Nectriaceae","Fusarium","sporotrichioides","plant_pathogen","Fusarium sporotrichioides"
"240","k__Fungi|p__Ascomycota|c__Sordariomycetes|o__Hypocreales|f__Nectriaceae|g__Fusarium|s__sporotrichioides|t__plant_pathogen",2.82696370568047,"Wheat","k__Fungi","p__Ascomycota","c__Sordariomycetes","o__Hypocreales","f__Nectriaceae","Fusarium","sporotrichioides","plant_pathogen","Fusarium sporotrichioides"
"23","k__Fungi|p__Ascomycota|c__Sordariomycetes|o__Hypocreales|f__Nectriaceae|g__Fusarium|s__tricinctum|t__plant_pathogen",-2.02857459397637,"No residue","k__Fungi","p__Ascomycota","c__Sordariomycetes","o__Hypocreales","f__Nectriaceae","Fusarium","tricinctum","plant_pathogen","Fusarium tricinctum"
"636","k__Fungi|p__Ascomycota|c__Sordariomycetes|o__Hypocreales|f__Nectriaceae|g__Fusarium|s__virguliforme|t__plant_pathogen",2.11731534124904,"No residue","k__Fungi","p__Ascomycota","c__Sordariomycetes","o__Hypocreales","f__Nectriaceae","Fusarium","virguliforme","plant_pathogen","Fusarium virguliforme"
"635","k__Fungi|p__Ascomycota|c__Dothideomycetes|o__Botryosphaeriales|f__Botryosphaeriaceae|g__Macrophomina|s__phaseolina|t__plant_pathogen",2.08220885944763,"No residue","k__Fungi","p__Ascomycota","c__Dothideomycetes","o__Botryosphaeriales","f__Botryosphaeriaceae","Macrophomina","phaseolina","plant_pathogen","Macrophomina phaseolina"
"18","k__Fungi|p__Ascomycota|c__Sordariomycetes|o__Glomerellales|f__Plectosphaerellaceae|g__Plectosphaerella|s__slobbergiarum|t__plant_pathogen",-2.17713881932966,"No residue","k__Fungi","p__Ascomycota","c__Sordariomycetes","o__Glomerellales","f__Plectosphaerellaceae","Plectosphaerella","slobbergiarum","plant_pathogen","Plectosphaerella slobbergiarum"
"61","k__Fungi|p__Ascomycota|c__Sordariomycetes|o__Glomerellales|f__Plectosphaerellaceae|g__Plectosphaerella|s__slobbergiarum|t__plant_pathogen",-2.10214963519995,"Wheat","k__Fungi","p__Ascomycota","c__Sordariomycetes","o__Glomerellales","f__Plectosphaerellaceae","Plectosphaerella","slobbergiarum","plant_pathogen","Plectosphaerella slobbergiarum"
"2321","k__Fungi|p__Ascomycota|c__Sordariomycetes|o__Glomerellales|f__Plectosphaerellaceae|g__Plectosphaerella|s__slobbergiarum|t__plant_pathogen",2.61664118824868,"Clover","k__Fungi","p__Ascomycota","c__Sordariomycetes","o__Glomerellales","f__Plectosphaerellaceae","Plectosphaerella","slobbergiarum","plant_pathogen","Plectosphaerella slobbergiarum"
"230","k__Fungi|p__Ascomycota|c__Dothideomycetes|o__Pleosporales|f__Didymellaceae|g__Stagonosporopsis|s__astragali|t__plant_pathogen",2.03324875700158,"Wheat","k__Fungi","p__Ascomycota","c__Dothideomycetes","o__Pleosporales","f__Didymellaceae","Stagonosporopsis","astragali","plant_pathogen","Stagonosporopsis astragali"
"20","k__Fungi|p__Ascomycota|c__Dothideomycetes|o__Pleosporales|f__Didymellaceae|g__Stagonosporopsis|s__lupini|t__plant_pathogen",-2.10480991558646,"No residue","k__Fungi","p__Ascomycota","c__Dothideomycetes","o__Pleosporales","f__Didymellaceae","Stagonosporopsis","lupini","plant_pathogen","Stagonosporopsis lupini"
"227","k__Fungi|p__Ascomycota|c__Dothideomycetes|o__Pleosporales|f__Didymellaceae|g__Stagonosporopsis|s__lupini|t__plant_pathogen",2.19468259810919,"Clover","k__Fungi","p__Ascomycota","c__Dothideomycetes","o__Pleosporales","f__Didymellaceae","Stagonosporopsis","lupini","plant_pathogen","Stagonosporopsis lupini"
"648","k__Fungi|p__Basidiomycota|c__Ustilaginomycetes|o__Ustilaginales|f__Ustilaginaceae|g__Ustilago|s__maydis|t__plant_pathogen",2.33505489505758,"No residue","k__Fungi","p__Basidiomycota","c__Ustilaginomycetes","o__Ustilaginales","f__Ustilaginaceae","Ustilago","maydis","plant_pathogen","Ustilago maydis"
"640","k__Fungi|p__Ascomycota|c__Sordariomycetes|o__Glomerellales|f__Plectosphaerellaceae|g__Verticillium|s__dahliae|t__plant_pathogen",2.2028505502378,"No residue","k__Fungi","p__Ascomycota","c__Sordariomycetes","o__Glomerellales","f__Plectosphaerellaceae","Verticillium","dahliae","plant_pathogen","Verticillium dahliae"
"632","k__Fungi|p__Ascomycota|c__Sordariomycetes|o__Sordariomycetes_ord_Incertae_sedis|f__Papulosaceae|g__Wongia|t__plant_pathogen",2.0136197998832,"No residue","k__Fungi","p__Ascomycota","c__Sordariomycetes","o__Sordariomycetes_ord_Incertae_sedis","f__Papulosaceae","Wongia",NA,"plant_pathogen","Wongia"
"10","k__Fungi|p__Ascomycota|c__Sordariomycetes|o__Hypocreales|f__Stachybotryaceae|g__Albifimbria|s__verrucaria|t__soil_saprotroph",-2.75641056558141,"No residue","k__Fungi","p__Ascomycota","c__Sordariomycetes","o__Hypocreales","f__Stachybotryaceae","Albifimbria","verrucaria","soil_saprotroph","Albifimbria verrucaria"
"31","k__Fungi|p__Ascomycota|c__Sordariomycetes|o__Hypocreales|f__Stachybotryaceae|g__Albifimbria|s__verrucaria|t__soil_saprotroph",-2.71734187500646,"Wheat","k__Fungi","p__Ascomycota","c__Sordariomycetes","o__Hypocreales","f__Stachybotryaceae","Albifimbria","verrucaria","soil_saprotroph","Albifimbria verrucaria"
"2311","k__Fungi|p__Ascomycota|c__Sordariomycetes|o__Hypocreales|f__Stachybotryaceae|g__Albifimbria|s__verrucaria|t__soil_saprotroph",2.61093150475316,"Clover","k__Fungi","p__Ascomycota","c__Sordariomycetes","o__Hypocreales","f__Stachybotryaceae","Albifimbria","verrucaria","soil_saprotroph","Albifimbria verrucaria"
"2441","k__Fungi|p__Ascomycota|c__Sordariomycetes|o__Hypocreales|f__Stachybotryaceae|g__Albifimbria|s__verrucaria|t__soil_saprotroph",2.99783890095395,"Five-speices mix","k__Fungi","p__Ascomycota","c__Sordariomycetes","o__Hypocreales","f__Stachybotryaceae","Albifimbria","verrucaria","soil_saprotroph","Albifimbria verrucaria"
"12","k__Fungi|p__Mortierellomycota|c__Mortierellomycetes|o__Mortierellales|f__Mortierellaceae|g__Mortierella|s__rishikesha|t__soil_saprotroph",-2.57389176314118,"No residue","k__Fungi","p__Mortierellomycota","c__Mortierellomycetes","o__Mortierellales","f__Mortierellaceae","Mortierella","rishikesha","soil_saprotroph","Mortierella rishikesha"
"236","k__Fungi|p__Mortierellomycota|c__Mortierellomycetes|o__Mortierellales|f__Mortierellaceae|g__Mortierella|s__rishikesha|t__soil_saprotroph",2.31798994218735,"Wheat","k__Fungi","p__Mortierellomycota","c__Mortierellomycetes","o__Mortierellales","f__Mortierellaceae","Mortierella","rishikesha","soil_saprotroph","Mortierella rishikesha"
"16","k__Fungi|p__Mucoromycota|c__Mucoromycetes|o__Mucorales|f__Mucoraceae|g__Mucor|s__circinelloides|t__soil_saprotroph",-2.36570752696899,"No residue","k__Fungi","p__Mucoromycota","c__Mucoromycetes","o__Mucorales","f__Mucoraceae","Mucor","circinelloides","soil_saprotroph","Mucor circinelloides"
"225","k__Fungi|p__Mucoromycota|c__Mucoromycetes|o__Mucorales|f__Mucoraceae|g__Mucor|s__circinelloides|t__soil_saprotroph",2.06298510944354,"Clover","k__Fungi","p__Mucoromycota","c__Mucoromycetes","o__Mucorales","f__Mucoraceae","Mucor","circinelloides","soil_saprotroph","Mucor circinelloides"
"21","k__Fungi|p__Mucoromycota|c__Mucoromycetes|o__Mucorales|f__Mucoraceae|g__Mucor|s__fragilis|t__soil_saprotroph",-2.08687675213099,"No residue","k__Fungi","p__Mucoromycota","c__Mucoromycetes","o__Mucorales","f__Mucoraceae","Mucor","fragilis","soil_saprotroph","Mucor fragilis"
"17","k__Fungi|p__Ascomycota|c__Sordariomycetes|o__Hypocreales|f__Nectriaceae|g__Neocosmospora|s__rubicola|t__soil_saprotroph",-2.36009083889861,"No residue","k__Fungi","p__Ascomycota","c__Sordariomycetes","o__Hypocreales","f__Nectriaceae","Neocosmospora","rubicola","soil_saprotroph","Neocosmospora rubicola"
"229","k__Fungi|p__Ascomycota|c__Sordariomycetes|o__Hypocreales|f__Nectriaceae|g__Neocosmospora|s__rubicola|t__soil_saprotroph",2.23201571748601,"Clover","k__Fungi","p__Ascomycota","c__Sordariomycetes","o__Hypocreales","f__Nectriaceae","Neocosmospora","rubicola","soil_saprotroph","Neocosmospora rubicola"
"3","k__Fungi|p__Ascomycota|c__Sordariomycetes|o__Sordariales|f__Sordariales_fam_Incertae_sedis|g__Staphylotrichum|s__acaciicola|t__soil_saprotroph",-3.27824081049079,"No residue","k__Fungi","p__Ascomycota","c__Sordariomycetes","o__Sordariales","f__Sordariales_fam_Incertae_sedis","Staphylotrichum","acaciicola","soil_saprotroph","Staphylotrichum acaciicola"
"135","k__Fungi|p__Ascomycota|c__Sordariomycetes|o__Sordariales|f__Sordariales_fam_Incertae_sedis|g__Staphylotrichum|s__acaciicola|t__soil_saprotroph",3.09772467956428,"Wheat-clover mix","k__Fungi","p__Ascomycota","c__Sordariomycetes","o__Sordariales","f__Sordariales_fam_Incertae_sedis","Staphylotrichum","acaciicola","soil_saprotroph","Staphylotrichum acaciicola"
"643","k__Fungi|p__Ascomycota|c__Sordariomycetes|o__Hypocreales|f__Hypocreales_fam_Incertae_sedis|g__Acremonium|s__persicinum|t__unspecified_saprotroph",2.27202042014669,"No residue","k__Fungi","p__Ascomycota","c__Sordariomycetes","o__Hypocreales","f__Hypocreales_fam_Incertae_sedis","Acremonium","persicinum","unspecified_saprotroph","Acremonium persicinum"
"642","k__Fungi|p__Ascomycota|c__Sordariomycetes|o__Coniochaetales|f__Coniochaetaceae|g__Coniochaeta|s__verticillata|t__unspecified_saprotroph",2.27059797408203,"No residue","k__Fungi","p__Ascomycota","c__Sordariomycetes","o__Coniochaetales","f__Coniochaetaceae","Coniochaeta","verticillata","unspecified_saprotroph","Coniochaeta verticillata"
"645","k__Fungi|p__Ascomycota|c__Eurotiomycetes|o__Eurotiales|f__Aspergillaceae|g__Penicillium|s__burgense|t__unspecified_saprotroph",2.28285873875259,"No residue","k__Fungi","p__Ascomycota","c__Eurotiomycetes","o__Eurotiales","f__Aspergillaceae","Penicillium","burgense","unspecified_saprotroph","Penicillium burgense"
"641","k__Fungi|p__Ascomycota|c__Eurotiomycetes|o__Eurotiales|f__Aspergillaceae|g__Talaromyces|s__purpureogenus|t__unspecified_saprotroph",2.22857283254524,"No residue","k__Fungi","p__Ascomycota","c__Eurotiomycetes","o__Eurotiales","f__Aspergillaceae","Talaromyces","purpureogenus","unspecified_saprotroph","Talaromyces purpureogenus"
"71","k__Fungi|p__Ascomycota|c__Sordariomycetes|o__Hypocreales|f__Bionectriaceae|g__Clonostachys|s__rosea|t__wood_saprotroph",-2.02829424508631,"Wheat","k__Fungi","p__Ascomycota","c__Sordariomycetes","o__Hypocreales","f__Bionectriaceae","Clonostachys","rosea","wood_saprotroph","Clonostachys rosea"
"2","k__Fungi|p__Ascomycota|c__Sordariomycetes|o__Sordariales|f__Chaetomiaceae|g__Humicola|t__wood_saprotroph",-3.49913760016079,"No residue","k__Fungi","p__Ascomycota","c__Sordariomycetes","o__Sordariales","f__Chaetomiaceae","Humicola",NA,"wood_saprotroph","Humicola"
"24","k__Fungi|p__Ascomycota|c__Sordariomycetes|o__Sordariales|f__Chaetomiaceae|g__Humicola|t__wood_saprotroph",-2.95664114722944,"Wheat","k__Fungi","p__Ascomycota","c__Sordariomycetes","o__Sordariales","f__Chaetomiaceae","Humicola",NA,"wood_saprotroph","Humicola"
"136","k__Fungi|p__Ascomycota|c__Sordariomycetes|o__Sordariales|f__Chaetomiaceae|g__Humicola|t__wood_saprotroph",3.20999284118211,"Wheat-clover mix","k__Fungi","p__Ascomycota","c__Sordariomycetes","o__Sordariales","f__Chaetomiaceae","Humicola",NA,"wood_saprotroph","Humicola"
"2451","k__Fungi|p__Ascomycota|c__Sordariomycetes|o__Sordariales|f__Chaetomiaceae|g__Humicola|t__wood_saprotroph",3.36515723064563,"Five-speices mix","k__Fungi","p__Ascomycota","c__Sordariomycetes","o__Sordariales","f__Chaetomiaceae","Humicola",NA,"wood_saprotroph","Humicola"
"11","k__Fungi|p__Ascomycota|c__Sordariomycetes|o__Sordariales|f__Chaetomiaceae|g__Humicola|s__distorta|t__wood_saprotroph",-2.6667985403154,"No residue","k__Fungi","p__Ascomycota","c__Sordariomycetes","o__Sordariales","f__Chaetomiaceae","Humicola","distorta","wood_saprotroph","Humicola distorta"
"51","k__Fungi|p__Ascomycota|c__Sordariomycetes|o__Sordariales|f__Chaetomiaceae|g__Humicola|s__distorta|t__wood_saprotroph",-2.17632960156345,"Wheat","k__Fungi","p__Ascomycota","c__Sordariomycetes","o__Sordariales","f__Chaetomiaceae","Humicola","distorta","wood_saprotroph","Humicola distorta"
"226","k__Fungi|p__Ascomycota|c__Sordariomycetes|o__Sordariales|f__Chaetomiaceae|g__Humicola|s__distorta|t__wood_saprotroph",2.19218884889086,"Clover","k__Fungi","p__Ascomycota","c__Sordariomycetes","o__Sordariales","f__Chaetomiaceae","Humicola","distorta","wood_saprotroph","Humicola distorta"
"133","k__Fungi|p__Ascomycota|c__Sordariomycetes|o__Sordariales|f__Chaetomiaceae|g__Humicola|s__distorta|t__wood_saprotroph",2.24501710477231,"Wheat-clover mix","k__Fungi","p__Ascomycota","c__Sordariomycetes","o__Sordariales","f__Chaetomiaceae","Humicola","distorta","wood_saprotroph","Humicola distorta"
"2411","k__Fungi|p__Ascomycota|c__Sordariomycetes|o__Sordariales|f__Chaetomiaceae|g__Humicola|s__distorta|t__wood_saprotroph",2.50145159744349,"Five-speices mix","k__Fungi","p__Ascomycota","c__Sordariomycetes","o__Sordariales","f__Chaetomiaceae","Humicola","distorta","wood_saprotroph","Humicola distorta"
"6","k__Fungi|p__Ascomycota|c__Sordariomycetes|o__Sordariales|f__Chaetomiaceae|g__Humicola|s__olivacea|t__wood_saprotroph",-3.09902319649217,"No residue","k__Fungi","p__Ascomycota","c__Sordariomycetes","o__Sordariales","f__Chaetomiaceae","Humicola","olivacea","wood_saprotroph","Humicola olivacea"
"41","k__Fungi|p__Ascomycota|c__Sordariomycetes|o__Sordariales|f__Chaetomiaceae|g__Humicola|s__olivacea|t__wood_saprotroph",-2.55357796300468,"Wheat","k__Fungi","p__Ascomycota","c__Sordariomycetes","o__Sordariales","f__Chaetomiaceae","Humicola","olivacea","wood_saprotroph","Humicola olivacea"
"134","k__Fungi|p__Ascomycota|c__Sordariomycetes|o__Sordariales|f__Chaetomiaceae|g__Humicola|s__olivacea|t__wood_saprotroph",2.64132855306147,"Wheat-clover mix","k__Fungi","p__Ascomycota","c__Sordariomycetes","o__Sordariales","f__Chaetomiaceae","Humicola","olivacea","wood_saprotroph","Humicola olivacea"
"2431","k__Fungi|p__Ascomycota|c__Sordariomycetes|o__Sordariales|f__Chaetomiaceae|g__Humicola|s__olivacea|t__wood_saprotroph",2.93487719004752,"Five-speices mix","k__Fungi","p__Ascomycota","c__Sordariomycetes","o__Sordariales","f__Chaetomiaceae","Humicola","olivacea","wood_saprotroph","Humicola olivacea"
"1","k__Fungi|p__Ascomycota|c__Sordariomycetes|o__Sordariales|f__Chaetomiaceae|g__Humicola|s__sardiniae|t__wood_saprotroph",-3.99149625185524,"No residue","k__Fungi","p__Ascomycota","c__Sordariomycetes","o__Sordariales","f__Chaetomiaceae","Humicola","sardiniae","wood_saprotroph","Humicola sardiniae"
"110","k__Fungi|p__Ascomycota|c__Sordariomycetes|o__Sordariales|f__Chaetomiaceae|g__Humicola|s__sardiniae|t__wood_saprotroph",-3.4296957878176,"Wheat","k__Fungi","p__Ascomycota","c__Sordariomycetes","o__Sordariales","f__Chaetomiaceae","Humicola","sardiniae","wood_saprotroph","Humicola sardiniae"
"137","k__Fungi|p__Ascomycota|c__Sordariomycetes|o__Sordariales|f__Chaetomiaceae|g__Humicola|s__sardiniae|t__wood_saprotroph",3.7087419831717,"Wheat-clover mix","k__Fungi","p__Ascomycota","c__Sordariomycetes","o__Sordariales","f__Chaetomiaceae","Humicola","sardiniae","wood_saprotroph","Humicola sardiniae"
"246","k__Fungi|p__Ascomycota|c__Sordariomycetes|o__Sordariales|f__Chaetomiaceae|g__Humicola|s__sardiniae|t__wood_saprotroph",3.85116307429741,"Five-speices mix","k__Fungi","p__Ascomycota","c__Sordariomycetes","o__Sordariales","f__Chaetomiaceae","Humicola","sardiniae","wood_saprotroph","Humicola sardiniae"
"637","k__Fungi|p__Ascomycota|c__Dothideomycetes|o__Minutisphaerales|f__Minutisphaeraceae|g__Minutisphaera|s__aspera|t__wood_saprotroph",2.16801360844581,"No residue","k__Fungi","p__Ascomycota","c__Dothideomycetes","o__Minutisphaerales","f__Minutisphaeraceae","Minutisphaera","aspera","wood_saprotroph","Minutisphaera aspera"
"232","k__Fungi|p__Ascomycota|c__Dothideomycetes|o__Pleosporales|f__Sporormiaceae|g__Sporormurispora|s__atraphaxis|t__wood_saprotroph",2.10166252320729,"Wheat","k__Fungi","p__Ascomycota","c__Dothideomycetes","o__Pleosporales","f__Sporormiaceae","Sporormurispora","atraphaxis","wood_saprotroph","Sporormurispora atraphaxis"
