"","features","scores","Residue.type","kingdom","phylum","class","order","family","genus","species","taxon"
"953","k__Bacteria|p__Acidobacteria|c__Acidobacteria_Gp1|o__Candidatus_Koribacter|",2.44816680688688,"Five-speices mix","k__Bacteria","p__Acidobacteria","c__Acidobacteria_Gp1","o__Candidatus_Koribacter",NA,NA,NA,"o__Candidatus_Koribacter"
"7","k__Bacteria|p__Acidobacteria|c__Acidobacteria_Gp1|o__Gp1|",-2.79410119986168,"No residue","k__Bacteria","p__Acidobacteria","c__Acidobacteria_Gp1","o__Gp1",NA,NA,NA,"o__Gp1"
"112","k__Bacteria|p__Acidobacteria|c__Acidobacteria_Gp1|o__Gp1|",-2.73203546585722,"Clover","k__Bacteria","p__Acidobacteria","c__Acidobacteria_Gp1","o__Gp1",NA,NA,NA,"o__Gp1"
"1017","k__Bacteria|p__Acidobacteria|c__Acidobacteria_Gp1|o__Gp1|",3.29322104876922,"Five-speices mix","k__Bacteria","p__Acidobacteria","c__Acidobacteria_Gp1","o__Gp1",NA,NA,NA,"o__Gp1"
"31","k__Bacteria|p__Acidobacteria|c__Acidobacteria_Gp1|o__Occallatibacter|",-2.4889360628738,"No residue","k__Bacteria","p__Acidobacteria","c__Acidobacteria_Gp1","o__Occallatibacter",NA,NA,NA,"o__Occallatibacter"
"212","k__Bacteria|p__Acidobacteria|c__Acidobacteria_Gp1|o__Occallatibacter|",-2.48026522835331,"Clover","k__Bacteria","p__Acidobacteria","c__Acidobacteria_Gp1","o__Occallatibacter",NA,NA,NA,"o__Occallatibacter"
"998","k__Bacteria|p__Acidobacteria|c__Acidobacteria_Gp1|o__Occallatibacter|",3.00427823174423,"Five-speices mix","k__Bacteria","p__Acidobacteria","c__Acidobacteria_Gp1","o__Occallatibacter",NA,NA,NA,"o__Occallatibacter"
"201","k__Bacteria|p__Acidobacteria|c__Acidobacteria_Gp1|",-2.04855058548242,"Wheat","k__Bacteria","p__Acidobacteria","c__Acidobacteria_Gp1",NA,NA,NA,NA,"c__Acidobacteria_Gp1"
"102","k__Bacteria|p__Acidobacteria|c__Acidobacteria_Gp1|",-2.02852660911533,"Clover","k__Bacteria","p__Acidobacteria","c__Acidobacteria_Gp1",NA,NA,NA,NA,"c__Acidobacteria_Gp1"
"967","k__Bacteria|p__Acidobacteria|c__Acidobacteria_Gp1|",2.60600981169849,"Five-speices mix","k__Bacteria","p__Acidobacteria","c__Acidobacteria_Gp1",NA,NA,NA,NA,"c__Acidobacteria_Gp1"
"51","k__Bacteria|p__Acidobacteria|c__Acidobacteria_Gp10|o__Gp10|",-2.30793034385032,"No residue","k__Bacteria","p__Acidobacteria","c__Acidobacteria_Gp10","o__Gp10",NA,NA,NA,"o__Gp10"
"982","k__Bacteria|p__Acidobacteria|c__Acidobacteria_Gp10|o__Gp10|",2.76605940285192,"Five-speices mix","k__Bacteria","p__Acidobacteria","c__Acidobacteria_Gp10","o__Gp10",NA,NA,NA,"o__Gp10"
"50","k__Bacteria|p__Acidobacteria|c__Acidobacteria_Gp16|o__Gp16|",-2.32302620506313,"No residue","k__Bacteria","p__Acidobacteria","c__Acidobacteria_Gp16","o__Gp16",NA,NA,NA,"o__Gp16"
"970","k__Bacteria|p__Acidobacteria|c__Acidobacteria_Gp16|o__Gp16|",2.65719816398587,"Five-speices mix","k__Bacteria","p__Acidobacteria","c__Acidobacteria_Gp16","o__Gp16",NA,NA,NA,"o__Gp16"
"923","k__Bacteria|p__Acidobacteria|c__Acidobacteria_Gp17|o__Gp17|",2.21652421769915,"Five-speices mix","k__Bacteria","p__Acidobacteria","c__Acidobacteria_Gp17","o__Gp17",NA,NA,NA,"o__Gp17"
"933","k__Bacteria|p__Acidobacteria|c__Acidobacteria_Gp2|o__Gp2|",2.28927868043795,"Five-speices mix","k__Bacteria","p__Acidobacteria","c__Acidobacteria_Gp2","o__Gp2",NA,NA,NA,"o__Gp2"
"907","k__Bacteria|p__Acidobacteria|c__Acidobacteria_Gp22|o__Gp22|",2.10317822404685,"Five-speices mix","k__Bacteria","p__Acidobacteria","c__Acidobacteria_Gp22","o__Gp22",NA,NA,NA,"o__Gp22"
"928","k__Bacteria|p__Acidobacteria|c__Acidobacteria_Gp25|o__Gp25|",2.24000700888964,"Five-speices mix","k__Bacteria","p__Acidobacteria","c__Acidobacteria_Gp25","o__Gp25",NA,NA,NA,"o__Gp25"
"22","k__Bacteria|p__Acidobacteria|c__Acidobacteria_Gp3|o__Candidatus_Solibacter|",-2.57650330451312,"No residue","k__Bacteria","p__Acidobacteria","c__Acidobacteria_Gp3","o__Candidatus_Solibacter",NA,NA,NA,"o__Candidatus_Solibacter"
"311","k__Bacteria|p__Acidobacteria|c__Acidobacteria_Gp3|o__Candidatus_Solibacter|",-2.47710991874558,"Clover","k__Bacteria","p__Acidobacteria","c__Acidobacteria_Gp3","o__Candidatus_Solibacter",NA,NA,NA,"o__Candidatus_Solibacter"
"1003","k__Bacteria|p__Acidobacteria|c__Acidobacteria_Gp3|o__Candidatus_Solibacter|",3.02484864289543,"Five-speices mix","k__Bacteria","p__Acidobacteria","c__Acidobacteria_Gp3","o__Candidatus_Solibacter",NA,NA,NA,"o__Candidatus_Solibacter"
"27","k__Bacteria|p__Acidobacteria|c__Acidobacteria_Gp3|o__Gp3|",-2.50934953626014,"No residue","k__Bacteria","p__Acidobacteria","c__Acidobacteria_Gp3","o__Gp3",NA,NA,NA,"o__Gp3"
"1000","k__Bacteria|p__Acidobacteria|c__Acidobacteria_Gp3|o__Gp3|",3.01385074950277,"Five-speices mix","k__Bacteria","p__Acidobacteria","c__Acidobacteria_Gp3","o__Gp3",NA,NA,NA,"o__Gp3"
"951","k__Bacteria|p__Acidobacteria|c__Acidobacteria_Gp3|",2.43650349269717,"Five-speices mix","k__Bacteria","p__Acidobacteria","c__Acidobacteria_Gp3",NA,NA,NA,NA,"c__Acidobacteria_Gp3"
"2","k__Bacteria|p__Acidobacteria|c__Acidobacteria_Gp4|o__Gp4|",-2.99511394747127,"No residue","k__Bacteria","p__Acidobacteria","c__Acidobacteria_Gp4","o__Gp4",NA,NA,NA,"o__Gp4"
"1022","k__Bacteria|p__Acidobacteria|c__Acidobacteria_Gp4|o__Gp4|",3.45447924111236,"Five-speices mix","k__Bacteria","p__Acidobacteria","c__Acidobacteria_Gp4","o__Gp4",NA,NA,NA,"o__Gp4"
"36","k__Bacteria|p__Acidobacteria|c__Acidobacteria_Gp5|o__Gp5|",-2.42841320987868,"No residue","k__Bacteria","p__Acidobacteria","c__Acidobacteria_Gp5","o__Gp5",NA,NA,NA,"o__Gp5"
"994","k__Bacteria|p__Acidobacteria|c__Acidobacteria_Gp5|o__Gp5|",2.92199126329148,"Five-speices mix","k__Bacteria","p__Acidobacteria","c__Acidobacteria_Gp5","o__Gp5",NA,NA,NA,"o__Gp5"
"3","k__Bacteria|p__Acidobacteria|c__Acidobacteria_Gp6|o__Gp6|",-2.93843762961778,"No residue","k__Bacteria","p__Acidobacteria","c__Acidobacteria_Gp6","o__Gp6",NA,NA,NA,"o__Gp6"
"1021","k__Bacteria|p__Acidobacteria|c__Acidobacteria_Gp6|o__Gp6|",3.40180834930441,"Five-speices mix","k__Bacteria","p__Acidobacteria","c__Acidobacteria_Gp6","o__Gp6",NA,NA,NA,"o__Gp6"
"60","k__Bacteria|p__Acidobacteria|c__Acidobacteria_Gp7|o__Gp7|",-2.21337244816859,"No residue","k__Bacteria","p__Acidobacteria","c__Acidobacteria_Gp7","o__Gp7",NA,NA,NA,"o__Gp7"
"977","k__Bacteria|p__Acidobacteria|c__Acidobacteria_Gp7|o__Gp7|",2.73593132359419,"Five-speices mix","k__Bacteria","p__Acidobacteria","c__Acidobacteria_Gp7","o__Gp7",NA,NA,NA,"o__Gp7"
"42","k__Bacteria|p__Acidobacteria|c__Vicinamibacteria|o__Vicinamibacterales|f__Vicinamibacteraceae|g__Luteitalea|",-2.39184442790612,"No residue","k__Bacteria","p__Acidobacteria","c__Vicinamibacteria","o__Vicinamibacterales","f__Vicinamibacteraceae","g__Luteitalea",NA,"g__Luteitalea"
"988","k__Bacteria|p__Acidobacteria|c__Vicinamibacteria|o__Vicinamibacterales|f__Vicinamibacteraceae|g__Luteitalea|",2.86629801741568,"Five-speices mix","k__Bacteria","p__Acidobacteria","c__Vicinamibacteria","o__Vicinamibacterales","f__Vicinamibacteraceae","g__Luteitalea",NA,"g__Luteitalea"
"927","k__Bacteria|p__Acidobacteria|c__Vicinamibacteria|o__Vicinamibacterales|f__Vicinamibacteraceae|g__Vicinamibacter|",2.23550913479855,"Five-speices mix","k__Bacteria","p__Acidobacteria","c__Vicinamibacteria","o__Vicinamibacterales","f__Vicinamibacteraceae","g__Vicinamibacter",NA,"g__Vicinamibacter"
"70","k__Bacteria|p__Acidobacteria|c__Vicinamibacteria|o__Vicinamibacterales|f__Vicinamibacteraceae|",-2.03751958120626,"No residue","k__Bacteria","p__Acidobacteria","c__Vicinamibacteria","o__Vicinamibacterales","f__Vicinamibacteraceae",NA,NA,"f__Vicinamibacteraceae"
"960","k__Bacteria|p__Acidobacteria|c__Vicinamibacteria|o__Vicinamibacterales|f__Vicinamibacteraceae|",2.5087612022996,"Five-speices mix","k__Bacteria","p__Acidobacteria","c__Vicinamibacteria","o__Vicinamibacterales","f__Vicinamibacteraceae",NA,NA,"f__Vicinamibacteraceae"
"192","k__Bacteria|p__Acidobacteria|",-2.22065946627459,"Wheat-clover mix","k__Bacteria","p__Acidobacteria",NA,NA,NA,NA,NA,"p__Acidobacteria"
"972","k__Bacteria|p__Acidobacteria|",2.7097008871989,"Five-speices mix","k__Bacteria","p__Acidobacteria",NA,NA,NA,NA,NA,"p__Acidobacteria"
"940","k__Bacteria|p__Actinobacteria|c__Acidimicrobiia|o__Acidimicrobiales|f__Acidimicrobiaceae|g__Acidiferrimicrobium|",2.36295902939854,"Five-speices mix","k__Bacteria","p__Actinobacteria","c__Acidimicrobiia","o__Acidimicrobiales","f__Acidimicrobiaceae","g__Acidiferrimicrobium",NA,"g__Acidiferrimicrobium"
"71","k__Bacteria|p__Actinobacteria|c__Acidimicrobiia|o__Acidimicrobiales|f__Acidimicrobiales_incertae_sedis|g__Aciditerrimonas|",-2.02536968815856,"No residue","k__Bacteria","p__Actinobacteria","c__Acidimicrobiia","o__Acidimicrobiales","f__Acidimicrobiales_incertae_sedis","g__Aciditerrimonas",NA,"g__Aciditerrimonas"
"949","k__Bacteria|p__Actinobacteria|c__Acidimicrobiia|o__Acidimicrobiales|f__Acidimicrobiales_incertae_sedis|g__Aciditerrimonas|",2.41733111652537,"Five-speices mix","k__Bacteria","p__Actinobacteria","c__Acidimicrobiia","o__Acidimicrobiales","f__Acidimicrobiales_incertae_sedis","g__Aciditerrimonas",NA,"g__Aciditerrimonas"
"942","k__Bacteria|p__Actinobacteria|c__Acidimicrobiia|o__Acidimicrobiales|f__Iamiaceae|g__Actinomarinicola|",2.38070012160636,"Five-speices mix","k__Bacteria","p__Actinobacteria","c__Acidimicrobiia","o__Acidimicrobiales","f__Iamiaceae","g__Actinomarinicola",NA,"g__Actinomarinicola"
"929","k__Bacteria|p__Actinobacteria|c__Acidimicrobiia|o__Acidimicrobiales|f__Iamiaceae|",2.24758756370174,"Five-speices mix","k__Bacteria","p__Actinobacteria","c__Acidimicrobiia","o__Acidimicrobiales","f__Iamiaceae",NA,NA,"f__Iamiaceae"
"919","k__Bacteria|p__Actinobacteria|c__Acidimicrobiia|o__Acidimicrobiales|f__Ilumatobacteraceae|g__Desertimonas|",2.19474077796365,"Five-speices mix","k__Bacteria","p__Actinobacteria","c__Acidimicrobiia","o__Acidimicrobiales","f__Ilumatobacteraceae","g__Desertimonas",NA,"g__Desertimonas"
"890","k__Bacteria|p__Actinobacteria|c__Acidimicrobiia|o__Acidimicrobiales|f__Ilumatobacteraceae|g__Ilumatobacter|",2.04080331058466,"Five-speices mix","k__Bacteria","p__Actinobacteria","c__Acidimicrobiia","o__Acidimicrobiales","f__Ilumatobacteraceae","g__Ilumatobacter",NA,"g__Ilumatobacter"
"46","k__Bacteria|p__Actinobacteria|c__Acidimicrobiia|o__Acidimicrobiales|",-2.35838097383912,"No residue","k__Bacteria","p__Actinobacteria","c__Acidimicrobiia","o__Acidimicrobiales",NA,NA,NA,"o__Acidimicrobiales"
"983","k__Bacteria|p__Actinobacteria|c__Acidimicrobiia|o__Acidimicrobiales|",2.78263628026992,"Five-speices mix","k__Bacteria","p__Actinobacteria","c__Acidimicrobiia","o__Acidimicrobiales",NA,NA,NA,"o__Acidimicrobiales"
"945","k__Bacteria|p__Actinobacteria|c__Actinobacteria|o__Frankiales|f__Frankiaceae|g__Jatrophihabitans|",2.39094024481421,"Five-speices mix","k__Bacteria","p__Actinobacteria","c__Actinobacteria","o__Frankiales","f__Frankiaceae","g__Jatrophihabitans",NA,"g__Jatrophihabitans"
"922","k__Bacteria|p__Actinobacteria|c__Actinobacteria|o__Kineosporiales|f__Kineosporiaceae|g__Kineosporia|",2.21004429488844,"Five-speices mix","k__Bacteria","p__Actinobacteria","c__Actinobacteria","o__Kineosporiales","f__Kineosporiaceae","g__Kineosporia",NA,"g__Kineosporia"
"892","k__Bacteria|p__Actinobacteria|c__Actinobacteria|o__Kineosporiales|f__Kineosporiaceae|",2.04478955320266,"Five-speices mix","k__Bacteria","p__Actinobacteria","c__Actinobacteria","o__Kineosporiales","f__Kineosporiaceae",NA,NA,"f__Kineosporiaceae"
"341","k__Bacteria|p__Actinobacteria|c__Actinobacteria|o__Micrococcales|f__Intrasporangiaceae|g__Intrasporangium|",2.212958252647,"Clover","k__Bacteria","p__Actinobacteria","c__Actinobacteria","o__Micrococcales","f__Intrasporangiaceae","g__Intrasporangium",NA,"g__Intrasporangium"
"281","k__Bacteria|p__Actinobacteria|c__Actinobacteria|o__Micrococcales|f__Intrasporangiaceae|g__Intrasporangium|",-2.03123300709913,"Five-speices mix","k__Bacteria","p__Actinobacteria","c__Actinobacteria","o__Micrococcales","f__Intrasporangiaceae","g__Intrasporangium",NA,"g__Intrasporangium"
"232","k__Bacteria|p__Actinobacteria|c__Actinobacteria|o__Micrococcales|f__Microbacteriaceae|g__Agromyces|",-2.13957377047718,"Five-speices mix","k__Bacteria","p__Actinobacteria","c__Actinobacteria","o__Micrococcales","f__Microbacteriaceae","g__Agromyces",NA,"g__Agromyces"
"58","k__Bacteria|p__Actinobacteria|c__Actinobacteria|o__Micromonosporales|f__Micromonosporaceae|g__Actinoplanes|",-2.24015900659423,"No residue","k__Bacteria","p__Actinobacteria","c__Actinobacteria","o__Micromonosporales","f__Micromonosporaceae","g__Actinoplanes",NA,"g__Actinoplanes"
"171","k__Bacteria|p__Actinobacteria|c__Actinobacteria|o__Micromonosporales|f__Micromonosporaceae|g__Actinoplanes|",-2.11905448039072,"Wheat","k__Bacteria","p__Actinobacteria","c__Actinobacteria","o__Micromonosporales","f__Micromonosporaceae","g__Actinoplanes",NA,"g__Actinoplanes"
"964","k__Bacteria|p__Actinobacteria|c__Actinobacteria|o__Micromonosporales|f__Micromonosporaceae|g__Actinoplanes|",2.58284629633424,"Five-speices mix","k__Bacteria","p__Actinobacteria","c__Actinobacteria","o__Micromonosporales","f__Micromonosporaceae","g__Actinoplanes",NA,"g__Actinoplanes"
"322","k__Bacteria|p__Actinobacteria|c__Actinobacteria|o__Micromonosporales|f__Micromonosporaceae|g__Dactylosporangium|",2.23343335901407,"Wheat-clover mix","k__Bacteria","p__Actinobacteria","c__Actinobacteria","o__Micromonosporales","f__Micromonosporaceae","g__Dactylosporangium",NA,"g__Dactylosporangium"
"884","k__Bacteria|p__Actinobacteria|c__Actinobacteria|o__Micromonosporales|f__Micromonosporaceae|g__Luedemannella|",2.00205738522068,"Five-speices mix","k__Bacteria","p__Actinobacteria","c__Actinobacteria","o__Micromonosporales","f__Micromonosporaceae","g__Luedemannella",NA,"g__Luedemannella"
"947","k__Bacteria|p__Actinobacteria|c__Actinobacteria|o__Micromonosporales|f__Micromonosporaceae|g__Mangrovihabitans|",2.39710111712447,"Five-speices mix","k__Bacteria","p__Actinobacteria","c__Actinobacteria","o__Micromonosporales","f__Micromonosporaceae","g__Mangrovihabitans",NA,"g__Mangrovihabitans"
"221","k__Bacteria|p__Actinobacteria|c__Actinobacteria|o__Micromonosporales|f__Micromonosporaceae|g__Micromonospora|",-2.00740078897736,"Wheat","k__Bacteria","p__Actinobacteria","c__Actinobacteria","o__Micromonosporales","f__Micromonosporaceae","g__Micromonospora",NA,"g__Micromonospora"
"344","k__Bacteria|p__Actinobacteria|c__Actinobacteria|o__Micromonosporales|f__Micromonosporaceae|g__Micromonospora|",2.29100840235837,"Clover","k__Bacteria","p__Actinobacteria","c__Actinobacteria","o__Micromonosporales","f__Micromonosporaceae","g__Micromonospora",NA,"g__Micromonospora"
"172","k__Bacteria|p__Actinobacteria|c__Actinobacteria|o__Micromonosporales|f__Micromonosporaceae|g__Micromonospora|",-2.26726293185706,"Wheat-clover mix","k__Bacteria","p__Actinobacteria","c__Actinobacteria","o__Micromonosporales","f__Micromonosporaceae","g__Micromonospora",NA,"g__Micromonospora"
"946","k__Bacteria|p__Actinobacteria|c__Actinobacteria|o__Micromonosporales|f__Micromonosporaceae|g__Virgisporangium|",2.39525009776871,"Five-speices mix","k__Bacteria","p__Actinobacteria","c__Actinobacteria","o__Micromonosporales","f__Micromonosporaceae","g__Virgisporangium",NA,"g__Virgisporangium"
"21","k__Bacteria|p__Actinobacteria|c__Actinobacteria|o__Micromonosporales|f__Micromonosporaceae|",-2.5787913517809,"No residue","k__Bacteria","p__Actinobacteria","c__Actinobacteria","o__Micromonosporales","f__Micromonosporaceae",NA,NA,"f__Micromonosporaceae"
"73","k__Bacteria|p__Actinobacteria|c__Actinobacteria|o__Micromonosporales|f__Micromonosporaceae|",-2.56855920014293,"Wheat","k__Bacteria","p__Actinobacteria","c__Actinobacteria","o__Micromonosporales","f__Micromonosporaceae",NA,NA,"f__Micromonosporaceae"
"1005","k__Bacteria|p__Actinobacteria|c__Actinobacteria|o__Micromonosporales|f__Micromonosporaceae|",3.04712884783625,"Five-speices mix","k__Bacteria","p__Actinobacteria","c__Actinobacteria","o__Micromonosporales","f__Micromonosporaceae",NA,NA,"f__Micromonosporaceae"
"23","k__Bacteria|p__Actinobacteria|c__Actinobacteria|o__Mycobacteriales|f__Mycobacteriaceae|g__Mycobacterium|",-2.57239047172976,"No residue","k__Bacteria","p__Actinobacteria","c__Actinobacteria","o__Mycobacteriales","f__Mycobacteriaceae","g__Mycobacterium",NA,"g__Mycobacterium"
"963","k__Bacteria|p__Actinobacteria|c__Actinobacteria|o__Mycobacteriales|f__Mycobacteriaceae|g__Mycobacterium|",2.56467560024875,"Five-speices mix","k__Bacteria","p__Actinobacteria","c__Actinobacteria","o__Mycobacteriales","f__Mycobacteriaceae","g__Mycobacterium",NA,"g__Mycobacterium"
"353","k__Bacteria|p__Actinobacteria|c__Actinobacteria|o__Mycobacteriales|f__Nocardiaceae|g__Nocardia|",2.59123856883911,"Clover","k__Bacteria","p__Actinobacteria","c__Actinobacteria","o__Mycobacteriales","f__Nocardiaceae","g__Nocardia",NA,"g__Nocardia"
"143","k__Bacteria|p__Actinobacteria|c__Actinobacteria|o__Mycobacteriales|f__Nocardiaceae|g__Nocardia|",-2.54779257722257,"Five-speices mix","k__Bacteria","p__Actinobacteria","c__Actinobacteria","o__Mycobacteriales","f__Nocardiaceae","g__Nocardia",NA,"g__Nocardia"
"337","k__Bacteria|p__Actinobacteria|c__Actinobacteria|o__Propionibacteriales|f__Kribbellaceae|g__Kribbella|",2.13189051743984,"Clover","k__Bacteria","p__Actinobacteria","c__Actinobacteria","o__Propionibacteriales","f__Kribbellaceae","g__Kribbella",NA,"g__Kribbella"
"262","k__Bacteria|p__Actinobacteria|c__Actinobacteria|o__Propionibacteriales|f__Kribbellaceae|g__Kribbella|",-2.06389439572229,"Five-speices mix","k__Bacteria","p__Actinobacteria","c__Actinobacteria","o__Propionibacteriales","f__Kribbellaceae","g__Kribbella",NA,"g__Kribbella"
"57","k__Bacteria|p__Actinobacteria|c__Actinobacteria|o__Propionibacteriales|f__Nocardioidaceae|g__Marmoricola|",-2.26641873489417,"No residue","k__Bacteria","p__Actinobacteria","c__Actinobacteria","o__Propionibacteriales","f__Nocardioidaceae","g__Marmoricola",NA,"g__Marmoricola"
"961","k__Bacteria|p__Actinobacteria|c__Actinobacteria|o__Propionibacteriales|f__Nocardioidaceae|g__Marmoricola|",2.5427788459051,"Five-speices mix","k__Bacteria","p__Actinobacteria","c__Actinobacteria","o__Propionibacteriales","f__Nocardioidaceae","g__Marmoricola",NA,"g__Marmoricola"
"81","k__Bacteria|p__Actinobacteria|c__Actinobacteria|o__Propionibacteriales|f__Nocardioidaceae|g__Nocardioides|",-2.55298164177407,"Wheat","k__Bacteria","p__Actinobacteria","c__Actinobacteria","o__Propionibacteriales","f__Nocardioidaceae","g__Nocardioides",NA,"g__Nocardioides"
"975","k__Bacteria|p__Actinobacteria|c__Actinobacteria|o__Propionibacteriales|f__Nocardioidaceae|g__Nocardioides|",2.73105348921657,"Five-speices mix","k__Bacteria","p__Actinobacteria","c__Actinobacteria","o__Propionibacteriales","f__Nocardioidaceae","g__Nocardioides",NA,"g__Nocardioides"
"45","k__Bacteria|p__Actinobacteria|c__Actinobacteria|o__Propionibacteriales|f__Propionibacteriaceae|g__Microlunatus|",-2.36851923558112,"No residue","k__Bacteria","p__Actinobacteria","c__Actinobacteria","o__Propionibacteriales","f__Propionibacteriaceae","g__Microlunatus",NA,"g__Microlunatus"
"985","k__Bacteria|p__Actinobacteria|c__Actinobacteria|o__Propionibacteriales|f__Propionibacteriaceae|g__Microlunatus|",2.79875924067486,"Five-speices mix","k__Bacteria","p__Actinobacteria","c__Actinobacteria","o__Propionibacteriales","f__Propionibacteriaceae","g__Microlunatus",NA,"g__Microlunatus"
"899","k__Bacteria|p__Actinobacteria|c__Actinobacteria|o__Propionibacteriales|",2.06839439409857,"Five-speices mix","k__Bacteria","p__Actinobacteria","c__Actinobacteria","o__Propionibacteriales",NA,NA,NA,"o__Propionibacteriales"
"898","k__Bacteria|p__Actinobacteria|c__Actinobacteria|o__Pseudonocardiales|f__Pseudonocardiaceae|g__Amycolatopsis|",2.06393878566659,"Five-speices mix","k__Bacteria","p__Actinobacteria","c__Actinobacteria","o__Pseudonocardiales","f__Pseudonocardiaceae","g__Amycolatopsis",NA,"g__Amycolatopsis"
"19","k__Bacteria|p__Actinobacteria|c__Actinobacteria|o__Pseudonocardiales|f__Pseudonocardiaceae|g__Pseudonocardia|",-2.61542395062544,"No residue","k__Bacteria","p__Actinobacteria","c__Actinobacteria","o__Pseudonocardiales","f__Pseudonocardiaceae","g__Pseudonocardia",NA,"g__Pseudonocardia"
"91","k__Bacteria|p__Actinobacteria|c__Actinobacteria|o__Pseudonocardiales|f__Pseudonocardiaceae|g__Pseudonocardia|",-2.53002944518697,"Wheat","k__Bacteria","p__Actinobacteria","c__Actinobacteria","o__Pseudonocardiales","f__Pseudonocardiaceae","g__Pseudonocardia",NA,"g__Pseudonocardia"
"1004","k__Bacteria|p__Actinobacteria|c__Actinobacteria|o__Pseudonocardiales|f__Pseudonocardiaceae|g__Pseudonocardia|",3.02524532285016,"Five-speices mix","k__Bacteria","p__Actinobacteria","c__Actinobacteria","o__Pseudonocardiales","f__Pseudonocardiaceae","g__Pseudonocardia",NA,"g__Pseudonocardia"
"901","k__Bacteria|p__Actinobacteria|c__Actinobacteria|o__Pseudonocardiales|f__Pseudonocardiaceae|",2.07346276371134,"Five-speices mix","k__Bacteria","p__Actinobacteria","c__Actinobacteria","o__Pseudonocardiales","f__Pseudonocardiaceae",NA,NA,"f__Pseudonocardiaceae"
"265","k__Bacteria|p__Actinobacteria|c__Actinobacteria|o__Streptomycetales|f__Streptomycetaceae|g__Kitasatospora|",2.50219239297919,"Wheat","k__Bacteria","p__Actinobacteria","c__Actinobacteria","o__Streptomycetales","f__Streptomycetaceae","g__Kitasatospora",NA,"g__Kitasatospora"
"613","k__Bacteria|p__Actinobacteria|c__Actinobacteria|o__Streptomycetales|f__Streptomycetaceae|g__Kitasatospora|",-2.97612679206368,"Five-speices mix","k__Bacteria","p__Actinobacteria","c__Actinobacteria","o__Streptomycetales","f__Streptomycetaceae","g__Kitasatospora",NA,"g__Kitasatospora"
"905","k__Bacteria|p__Actinobacteria|c__Actinobacteria|o__Streptomycetales|f__Streptomycetaceae|g__Streptacidiphilus|",2.0980846330701,"Five-speices mix","k__Bacteria","p__Actinobacteria","c__Actinobacteria","o__Streptomycetales","f__Streptomycetaceae","g__Streptacidiphilus",NA,"g__Streptacidiphilus"
"357","k__Bacteria|p__Actinobacteria|c__Actinobacteria|o__Streptomycetales|f__Streptomycetaceae|g__Streptomyces|",2.87755582770316,"Clover","k__Bacteria","p__Actinobacteria","c__Actinobacteria","o__Streptomycetales","f__Streptomycetaceae","g__Streptomyces",NA,"g__Streptomyces"
"412","k__Bacteria|p__Actinobacteria|c__Actinobacteria|o__Streptomycetales|f__Streptomycetaceae|g__Streptomyces|",-2.86786780768726,"Wheat-clover mix","k__Bacteria","p__Actinobacteria","c__Actinobacteria","o__Streptomycetales","f__Streptomycetaceae","g__Streptomyces",NA,"g__Streptomyces"
"555","k__Bacteria|p__Actinobacteria|c__Actinobacteria|o__Streptomycetales|f__Streptomycetaceae|g__Yinghuangia|",2.21791560347728,"No residue","k__Bacteria","p__Actinobacteria","c__Actinobacteria","o__Streptomycetales","f__Streptomycetaceae","g__Yinghuangia",NA,"g__Yinghuangia"
"356","k__Bacteria|p__Actinobacteria|c__Actinobacteria|o__Streptomycetales|f__Streptomycetaceae|g__Yinghuangia|",2.81129751178953,"Clover","k__Bacteria","p__Actinobacteria","c__Actinobacteria","o__Streptomycetales","f__Streptomycetaceae","g__Yinghuangia",NA,"g__Yinghuangia"
"1011","k__Bacteria|p__Actinobacteria|c__Actinobacteria|o__Streptomycetales|f__Streptomycetaceae|g__Yinghuangia|",-2.53948767765648,"Wheat-clover mix","k__Bacteria","p__Actinobacteria","c__Actinobacteria","o__Streptomycetales","f__Streptomycetaceae","g__Yinghuangia",NA,"g__Yinghuangia"
"115","k__Bacteria|p__Actinobacteria|c__Actinobacteria|o__Streptomycetales|f__Streptomycetaceae|g__Yinghuangia|",-2.56168734158398,"Five-speices mix","k__Bacteria","p__Actinobacteria","c__Actinobacteria","o__Streptomycetales","f__Streptomycetaceae","g__Yinghuangia",NA,"g__Yinghuangia"
"553","k__Bacteria|p__Actinobacteria|c__Actinobacteria|o__Streptosporangiales|f__Streptosporangiaceae|g__Nonomuraea|",2.0772262872776,"No residue","k__Bacteria","p__Actinobacteria","c__Actinobacteria","o__Streptosporangiales","f__Streptosporangiaceae","g__Nonomuraea",NA,"g__Nonomuraea"
"351","k__Bacteria|p__Actinobacteria|c__Actinobacteria|o__Streptosporangiales|f__Streptosporangiaceae|g__Nonomuraea|",2.49371959924843,"Clover","k__Bacteria","p__Actinobacteria","c__Actinobacteria","o__Streptosporangiales","f__Streptosporangiaceae","g__Nonomuraea",NA,"g__Nonomuraea"
"152","k__Bacteria|p__Actinobacteria|c__Actinobacteria|o__Streptosporangiales|f__Streptosporangiaceae|g__Nonomuraea|",-2.33267476385076,"Wheat-clover mix","k__Bacteria","p__Actinobacteria","c__Actinobacteria","o__Streptosporangiales","f__Streptosporangiaceae","g__Nonomuraea",NA,"g__Nonomuraea"
"562","k__Bacteria|p__Actinobacteria|c__Actinobacteria|o__Streptosporangiales|f__Streptosporangiaceae|g__Streptosporangium|",2.98408409459317,"No residue","k__Bacteria","p__Actinobacteria","c__Actinobacteria","o__Streptosporangiales","f__Streptosporangiaceae","g__Streptosporangium",NA,"g__Streptosporangium"
"358","k__Bacteria|p__Actinobacteria|c__Actinobacteria|o__Streptosporangiales|f__Streptosporangiaceae|g__Streptosporangium|",3.00574340786883,"Clover","k__Bacteria","p__Actinobacteria","c__Actinobacteria","o__Streptosporangiales","f__Streptosporangiaceae","g__Streptosporangium",NA,"g__Streptosporangium"
"312","k__Bacteria|p__Actinobacteria|c__Actinobacteria|o__Streptosporangiales|f__Streptosporangiaceae|g__Streptosporangium|",-2.92676430044026,"Wheat-clover mix","k__Bacteria","p__Actinobacteria","c__Actinobacteria","o__Streptosporangiales","f__Streptosporangiaceae","g__Streptosporangium",NA,"g__Streptosporangium"
"83","k__Bacteria|p__Actinobacteria|c__Actinobacteria|o__Streptosporangiales|f__Streptosporangiaceae|g__Streptosporangium|",-2.88382528075994,"Five-speices mix","k__Bacteria","p__Actinobacteria","c__Actinobacteria","o__Streptosporangiales","f__Streptosporangiaceae","g__Streptosporangium",NA,"g__Streptosporangium"
"68","k__Bacteria|p__Actinobacteria|c__Actinobacteria|o__Streptosporangiales|f__Thermomonosporaceae|g__Actinoallomurus|",-2.08140872389747,"No residue","k__Bacteria","p__Actinobacteria","c__Actinobacteria","o__Streptosporangiales","f__Thermomonosporaceae","g__Actinoallomurus",NA,"g__Actinoallomurus"
"962","k__Bacteria|p__Actinobacteria|c__Actinobacteria|o__Streptosporangiales|f__Thermomonosporaceae|g__Actinoallomurus|",2.55872759206636,"Five-speices mix","k__Bacteria","p__Actinobacteria","c__Actinobacteria","o__Streptosporangiales","f__Thermomonosporaceae","g__Actinoallomurus",NA,"g__Actinoallomurus"
"908","k__Bacteria|p__Actinobacteria|c__Actinobacteria|o__Streptosporangiales|f__Thermomonosporaceae|",2.10809115732325,"Five-speices mix","k__Bacteria","p__Actinobacteria","c__Actinobacteria","o__Streptosporangiales","f__Thermomonosporaceae",NA,NA,"f__Thermomonosporaceae"
"937","k__Bacteria|p__Actinobacteria|c__Actinobacteria|o__Streptosporangiales|",2.32115186640238,"Five-speices mix","k__Bacteria","p__Actinobacteria","c__Actinobacteria","o__Streptosporangiales",NA,NA,NA,"o__Streptosporangiales"
"12","k__Bacteria|p__Actinobacteria|c__Actinobacteria|",-2.70177029265279,"No residue","k__Bacteria","p__Actinobacteria","c__Actinobacteria",NA,NA,NA,NA,"c__Actinobacteria"
"310","k__Bacteria|p__Actinobacteria|c__Actinobacteria|",-2.70938922126546,"Wheat","k__Bacteria","p__Actinobacteria","c__Actinobacteria",NA,NA,NA,NA,"c__Actinobacteria"
"1015","k__Bacteria|p__Actinobacteria|c__Actinobacteria|",3.20237126385932,"Five-speices mix","k__Bacteria","p__Actinobacteria","c__Actinobacteria",NA,NA,NA,NA,"c__Actinobacteria"
"1","k__Bacteria|p__Actinobacteria|c__Thermoleophilia|o__Gaiellales|f__Gaiellaceae|g__Gaiella|",-3.50582379925086,"No residue","k__Bacteria","p__Actinobacteria","c__Thermoleophilia","o__Gaiellales","f__Gaiellaceae","g__Gaiella",NA,"g__Gaiella"
"110","k__Bacteria|p__Actinobacteria|c__Thermoleophilia|o__Gaiellales|f__Gaiellaceae|g__Gaiella|",-3.52474693759441,"Wheat","k__Bacteria","p__Actinobacteria","c__Thermoleophilia","o__Gaiellales","f__Gaiellaceae","g__Gaiella",NA,"g__Gaiella"
"1024","k__Bacteria|p__Actinobacteria|c__Thermoleophilia|o__Gaiellales|f__Gaiellaceae|g__Gaiella|",4.03851150304062,"Five-speices mix","k__Bacteria","p__Actinobacteria","c__Thermoleophilia","o__Gaiellales","f__Gaiellaceae","g__Gaiella",NA,"g__Gaiella"
"39","k__Bacteria|p__Actinobacteria|c__Thermoleophilia|o__Solirubrobacterales|f__Baekduiaceae|g__Baekduia|",-2.41311629865906,"No residue","k__Bacteria","p__Actinobacteria","c__Thermoleophilia","o__Solirubrobacterales","f__Baekduiaceae","g__Baekduia",NA,"g__Baekduia"
"991","k__Bacteria|p__Actinobacteria|c__Thermoleophilia|o__Solirubrobacterales|f__Baekduiaceae|g__Baekduia|",2.87584320535785,"Five-speices mix","k__Bacteria","p__Actinobacteria","c__Thermoleophilia","o__Solirubrobacterales","f__Baekduiaceae","g__Baekduia",NA,"g__Baekduia"
"34","k__Bacteria|p__Actinobacteria|c__Thermoleophilia|o__Solirubrobacterales|f__Conexibacteraceae|g__Conexibacter|",-2.4439103877694,"No residue","k__Bacteria","p__Actinobacteria","c__Thermoleophilia","o__Solirubrobacterales","f__Conexibacteraceae","g__Conexibacter",NA,"g__Conexibacter"
"989","k__Bacteria|p__Actinobacteria|c__Thermoleophilia|o__Solirubrobacterales|f__Conexibacteraceae|g__Conexibacter|",2.8693607633506,"Five-speices mix","k__Bacteria","p__Actinobacteria","c__Thermoleophilia","o__Solirubrobacterales","f__Conexibacteraceae","g__Conexibacter",NA,"g__Conexibacter"
"32","k__Bacteria|p__Actinobacteria|c__Thermoleophilia|o__Solirubrobacterales|f__Parviterribacteraceae|g__Parviterribacter|",-2.46182428143865,"No residue","k__Bacteria","p__Actinobacteria","c__Thermoleophilia","o__Solirubrobacterales","f__Parviterribacteraceae","g__Parviterribacter",NA,"g__Parviterribacter"
"111","k__Bacteria|p__Actinobacteria|c__Thermoleophilia|o__Solirubrobacterales|f__Parviterribacteraceae|g__Parviterribacter|",-2.37781541033721,"Wheat","k__Bacteria","p__Actinobacteria","c__Thermoleophilia","o__Solirubrobacterales","f__Parviterribacteraceae","g__Parviterribacter",NA,"g__Parviterribacter"
"993","k__Bacteria|p__Actinobacteria|c__Thermoleophilia|o__Solirubrobacterales|f__Parviterribacteraceae|g__Parviterribacter|",2.9005380424297,"Five-speices mix","k__Bacteria","p__Actinobacteria","c__Thermoleophilia","o__Solirubrobacterales","f__Parviterribacteraceae","g__Parviterribacter",NA,"g__Parviterribacter"
"11","k__Bacteria|p__Actinobacteria|c__Thermoleophilia|o__Solirubrobacterales|f__Solirubrobacteraceae|g__Solirubrobacter|",-2.7146963990764,"No residue","k__Bacteria","p__Actinobacteria","c__Thermoleophilia","o__Solirubrobacterales","f__Solirubrobacteraceae","g__Solirubrobacter",NA,"g__Solirubrobacter"
"510","k__Bacteria|p__Actinobacteria|c__Thermoleophilia|o__Solirubrobacterales|f__Solirubrobacteraceae|g__Solirubrobacter|",-2.68381361237383,"Wheat","k__Bacteria","p__Actinobacteria","c__Thermoleophilia","o__Solirubrobacterales","f__Solirubrobacteraceae","g__Solirubrobacter",NA,"g__Solirubrobacter"
"10111","k__Bacteria|p__Actinobacteria|c__Thermoleophilia|o__Solirubrobacterales|f__Solirubrobacteraceae|g__Solirubrobacter|",3.17316595792584,"Five-speices mix","k__Bacteria","p__Actinobacteria","c__Thermoleophilia","o__Solirubrobacterales","f__Solirubrobacteraceae","g__Solirubrobacter",NA,"g__Solirubrobacter"
"15","k__Bacteria|p__Actinobacteria|c__Thermoleophilia|o__Solirubrobacterales|",-2.6733449428336,"No residue","k__Bacteria","p__Actinobacteria","c__Thermoleophilia","o__Solirubrobacterales",NA,NA,NA,"o__Solirubrobacterales"
"410","k__Bacteria|p__Actinobacteria|c__Thermoleophilia|o__Solirubrobacterales|",-2.69708624400241,"Wheat","k__Bacteria","p__Actinobacteria","c__Thermoleophilia","o__Solirubrobacterales",NA,NA,NA,"o__Solirubrobacterales"
"1013","k__Bacteria|p__Actinobacteria|c__Thermoleophilia|o__Solirubrobacterales|",3.19233661872116,"Five-speices mix","k__Bacteria","p__Actinobacteria","c__Thermoleophilia","o__Solirubrobacterales",NA,NA,NA,"o__Solirubrobacterales"
"912","k__Bacteria|p__Actinobacteria|c__Thermoleophilia|o__Thermoleophilales|f__Thermoleophilaceae|g__Thermoleophilum|",2.13950201282419,"Five-speices mix","k__Bacteria","p__Actinobacteria","c__Thermoleophilia","o__Thermoleophilales","f__Thermoleophilaceae","g__Thermoleophilum",NA,"g__Thermoleophilum"
"67","k__Bacteria|p__Actinobacteria|c__Thermoleophilia|",-2.08591448930566,"No residue","k__Bacteria","p__Actinobacteria","c__Thermoleophilia",NA,NA,NA,NA,"c__Thermoleophilia"
"181","k__Bacteria|p__Actinobacteria|c__Thermoleophilia|",-2.09020825719996,"Wheat","k__Bacteria","p__Actinobacteria","c__Thermoleophilia",NA,NA,NA,NA,"c__Thermoleophilia"
"965","k__Bacteria|p__Actinobacteria|c__Thermoleophilia|",2.59376770562137,"Five-speices mix","k__Bacteria","p__Actinobacteria","c__Thermoleophilia",NA,NA,NA,NA,"c__Thermoleophilia"
"24","k__Bacteria|p__Actinobacteria|",-2.5544986165354,"No residue","k__Bacteria","p__Actinobacteria",NA,NA,NA,NA,NA,"p__Actinobacteria"
"1006","k__Bacteria|p__Actinobacteria|",3.05793649970566,"Five-speices mix","k__Bacteria","p__Actinobacteria",NA,NA,NA,NA,NA,"p__Actinobacteria"
"56","k__Bacteria|p__Armatimonadetes|c__Armatimonadetes_gp4|",-2.2755452561054,"No residue","k__Bacteria","p__Armatimonadetes","c__Armatimonadetes_gp4",NA,NA,NA,NA,"c__Armatimonadetes_gp4"
"984","k__Bacteria|p__Armatimonadetes|c__Armatimonadetes_gp4|",2.78788188122241,"Five-speices mix","k__Bacteria","p__Armatimonadetes","c__Armatimonadetes_gp4",NA,NA,NA,NA,"c__Armatimonadetes_gp4"
"926","k__Bacteria|p__Bacteroidetes|c__Chitinophagia|o__Chitinophagales|f__Chitinophagaceae|g__Terrimonas|",2.23005747648883,"Five-speices mix","k__Bacteria","p__Bacteroidetes","c__Chitinophagia","o__Chitinophagales","f__Chitinophagaceae","g__Terrimonas",NA,"g__Terrimonas"
"943","k__Bacteria|p__Bacteroidetes|c__Chitinophagia|o__Chitinophagales|f__Chitinophagaceae|",2.38392987358651,"Five-speices mix","k__Bacteria","p__Bacteroidetes","c__Chitinophagia","o__Chitinophagales","f__Chitinophagaceae",NA,NA,"f__Chitinophagaceae"
"931","k__Bacteria|p__candidate_division_WPS-1|",2.25861635292795,"Five-speices mix","k__Bacteria","p__candidate_division_WPS-1",NA,NA,NA,NA,NA,"p__candidate_division_WPS-1"
"913","k__Bacteria|p__Chloroflexi|c__Anaerolineae|o__Anaerolineales|f__Anaerolineaceae|g__Longilinea|",2.14165351231554,"Five-speices mix","k__Bacteria","p__Chloroflexi","c__Anaerolineae","o__Anaerolineales","f__Anaerolineaceae","g__Longilinea",NA,"g__Longilinea"
"29","k__Bacteria|p__Chloroflexi|c__Anaerolineae|o__Anaerolineales|f__Anaerolineaceae|",-2.50071661561484,"No residue","k__Bacteria","p__Chloroflexi","c__Anaerolineae","o__Anaerolineales","f__Anaerolineaceae",NA,NA,"f__Anaerolineaceae"
"142","k__Bacteria|p__Chloroflexi|c__Anaerolineae|o__Anaerolineales|f__Anaerolineaceae|",-2.35027818800825,"Wheat-clover mix","k__Bacteria","p__Chloroflexi","c__Anaerolineae","o__Anaerolineales","f__Anaerolineaceae",NA,NA,"f__Anaerolineaceae"
"992","k__Bacteria|p__Chloroflexi|c__Anaerolineae|o__Anaerolineales|f__Anaerolineaceae|",2.88871961754752,"Five-speices mix","k__Bacteria","p__Chloroflexi","c__Anaerolineae","o__Anaerolineales","f__Anaerolineaceae",NA,NA,"f__Anaerolineaceae"
"941","k__Bacteria|p__Chloroflexi|c__Chloroflexia|o__Chloroflexales|f__Roseiflexaceae|g__Roseiflexus|",2.36559385627752,"Five-speices mix","k__Bacteria","p__Chloroflexi","c__Chloroflexia","o__Chloroflexales","f__Roseiflexaceae","g__Roseiflexus",NA,"g__Roseiflexus"
"9111","k__Bacteria|p__Chloroflexi|c__Thermomicrobia|o__Sphaerobacterales|f__Sphaerobacteraceae|g__Nitrolancea|",2.13716668655439,"Five-speices mix","k__Bacteria","p__Chloroflexi","c__Thermomicrobia","o__Sphaerobacterales","f__Sphaerobacteraceae","g__Nitrolancea",NA,"g__Nitrolancea"
"888","k__Bacteria|p__Chloroflexi|c__Thermomicrobia|o__Sphaerobacterales|f__Sphaerobacteraceae|",2.02390945709073,"Five-speices mix","k__Bacteria","p__Chloroflexi","c__Thermomicrobia","o__Sphaerobacterales","f__Sphaerobacteraceae",NA,NA,"f__Sphaerobacteraceae"
"512","k__Bacteria|p__Chloroflexi|",-2.85578405554942,"Wheat-clover mix","k__Bacteria","p__Chloroflexi",NA,NA,NA,NA,NA,"p__Chloroflexi"
"1019","k__Bacteria|p__Chloroflexi|",3.30547571306901,"Five-speices mix","k__Bacteria","p__Chloroflexi",NA,NA,NA,NA,NA,"p__Chloroflexi"
"17","k__Bacteria|p__Firmicutes|c__Bacilli|o__Bacillales|f__Alicyclobacillaceae|g__Tumebacillus|",-2.6319587427691,"No residue","k__Bacteria","p__Firmicutes","c__Bacilli","o__Bacillales","f__Alicyclobacillaceae","g__Tumebacillus",NA,"g__Tumebacillus"
"1009","k__Bacteria|p__Firmicutes|c__Bacilli|o__Bacillales|f__Alicyclobacillaceae|g__Tumebacillus|",3.11313927905145,"Five-speices mix","k__Bacteria","p__Firmicutes","c__Bacilli","o__Bacillales","f__Alicyclobacillaceae","g__Tumebacillus",NA,"g__Tumebacillus"
"565","k__Bacteria|p__Firmicutes|c__Bacilli|o__Bacillales|f__Bacillaceae_1|g__Bacillus|",4.23052874762715,"No residue","k__Bacteria","p__Firmicutes","c__Bacilli","o__Bacillales","f__Bacillaceae_1","g__Bacillus",NA,"g__Bacillus"
"114","k__Bacteria|p__Firmicutes|c__Bacilli|o__Bacillales|f__Bacillaceae_1|g__Bacillus|",-4.69075665821338,"Five-speices mix","k__Bacteria","p__Firmicutes","c__Bacilli","o__Bacillales","f__Bacillaceae_1","g__Bacillus",NA,"g__Bacillus"
"554","k__Bacteria|p__Firmicutes|c__Bacilli|o__Bacillales|f__Bacillaceae_1|g__Cytobacillus|",2.14496319872649,"No residue","k__Bacteria","p__Firmicutes","c__Bacilli","o__Bacillales","f__Bacillaceae_1","g__Cytobacillus",NA,"g__Cytobacillus"
"263","k__Bacteria|p__Firmicutes|c__Bacilli|o__Bacillales|f__Bacillaceae_1|g__Cytobacillus|",2.07096227109775,"Wheat","k__Bacteria","p__Firmicutes","c__Bacilli","o__Bacillales","f__Bacillaceae_1","g__Cytobacillus",NA,"g__Cytobacillus"
"123","k__Bacteria|p__Firmicutes|c__Bacilli|o__Bacillales|f__Bacillaceae_1|g__Cytobacillus|",-2.55141116602765,"Five-speices mix","k__Bacteria","p__Firmicutes","c__Bacilli","o__Bacillales","f__Bacillaceae_1","g__Cytobacillus",NA,"g__Cytobacillus"
"558","k__Bacteria|p__Firmicutes|c__Bacilli|o__Bacillales|f__Bacillaceae_1|g__Domibacillus|",2.41358788806424,"No residue","k__Bacteria","p__Firmicutes","c__Bacilli","o__Bacillales","f__Bacillaceae_1","g__Domibacillus",NA,"g__Domibacillus"
"266","k__Bacteria|p__Firmicutes|c__Bacilli|o__Bacillales|f__Bacillaceae_1|g__Domibacillus|",2.50280047609993,"Wheat","k__Bacteria","p__Firmicutes","c__Bacilli","o__Bacillales","f__Bacillaceae_1","g__Domibacillus",NA,"g__Domibacillus"
"75","k__Bacteria|p__Firmicutes|c__Bacilli|o__Bacillales|f__Bacillaceae_1|g__Domibacillus|",-2.93028379124023,"Five-speices mix","k__Bacteria","p__Firmicutes","c__Bacilli","o__Bacillales","f__Bacillaceae_1","g__Domibacillus",NA,"g__Domibacillus"
"268","k__Bacteria|p__Firmicutes|c__Bacilli|o__Bacillales|f__Bacillaceae_1|g__Neobacillus|",3.76079931166672,"Wheat","k__Bacteria","p__Firmicutes","c__Bacilli","o__Bacillales","f__Bacillaceae_1","g__Neobacillus",NA,"g__Neobacillus"
"214","k__Bacteria|p__Firmicutes|c__Bacilli|o__Bacillales|f__Bacillaceae_1|g__Neobacillus|",-4.30627185716532,"Five-speices mix","k__Bacteria","p__Firmicutes","c__Bacilli","o__Bacillales","f__Bacillaceae_1","g__Neobacillus",NA,"g__Neobacillus"
"561","k__Bacteria|p__Firmicutes|c__Bacilli|o__Bacillales|f__Bacillaceae_1|g__Peribacillus|",2.96244333497936,"No residue","k__Bacteria","p__Firmicutes","c__Bacilli","o__Bacillales","f__Bacillaceae_1","g__Peribacillus",NA,"g__Peribacillus"
"360","k__Bacteria|p__Firmicutes|c__Bacilli|o__Bacillales|f__Bacillaceae_1|g__Peribacillus|",3.0362139406045,"Clover","k__Bacteria","p__Firmicutes","c__Bacilli","o__Bacillales","f__Bacillaceae_1","g__Peribacillus",NA,"g__Peribacillus"
"513","k__Bacteria|p__Firmicutes|c__Bacilli|o__Bacillales|f__Bacillaceae_1|g__Peribacillus|",-3.26561909643523,"Five-speices mix","k__Bacteria","p__Firmicutes","c__Bacilli","o__Bacillales","f__Bacillaceae_1","g__Peribacillus",NA,"g__Peribacillus"
"563","k__Bacteria|p__Firmicutes|c__Bacilli|o__Bacillales|f__Bacillaceae_1|",3.0242900069495,"No residue","k__Bacteria","p__Firmicutes","c__Bacilli","o__Bacillales","f__Bacillaceae_1",NA,NA,"f__Bacillaceae_1"
"361","k__Bacteria|p__Firmicutes|c__Bacilli|o__Bacillales|f__Bacillaceae_1|",3.12408882791285,"Clover","k__Bacteria","p__Firmicutes","c__Bacilli","o__Bacillales","f__Bacillaceae_1",NA,NA,"f__Bacillaceae_1"
"313","k__Bacteria|p__Firmicutes|c__Bacilli|o__Bacillales|f__Bacillaceae_1|",-3.51840901311716,"Five-speices mix","k__Bacteria","p__Firmicutes","c__Bacilli","o__Bacillales","f__Bacillaceae_1",NA,NA,"f__Bacillaceae_1"
"886","k__Bacteria|p__Firmicutes|c__Bacilli|o__Bacillales|f__Paenibacillaceae_1|g__Cohnella|",2.01791777201036,"Five-speices mix","k__Bacteria","p__Firmicutes","c__Bacilli","o__Bacillales","f__Paenibacillaceae_1","g__Cohnella",NA,"g__Cohnella"
"564","k__Bacteria|p__Firmicutes|c__Bacilli|o__Bacillales|f__Paenibacillaceae_1|g__Paenibacillus|",3.03645110656242,"No residue","k__Bacteria","p__Firmicutes","c__Bacilli","o__Bacillales","f__Paenibacillaceae_1","g__Paenibacillus",NA,"g__Paenibacillus"
"362","k__Bacteria|p__Firmicutes|c__Bacilli|o__Bacillales|f__Paenibacillaceae_1|g__Paenibacillus|",3.66872944324578,"Clover","k__Bacteria","p__Firmicutes","c__Bacilli","o__Bacillales","f__Paenibacillaceae_1","g__Paenibacillus",NA,"g__Paenibacillus"
"1101","k__Bacteria|p__Firmicutes|c__Bacilli|o__Bacillales|f__Paenibacillaceae_1|g__Paenibacillus|",-3.37432437862673,"Wheat-clover mix","k__Bacteria","p__Firmicutes","c__Bacilli","o__Bacillales","f__Paenibacillaceae_1","g__Paenibacillus",NA,"g__Paenibacillus"
"413","k__Bacteria|p__Firmicutes|c__Bacilli|o__Bacillales|f__Paenibacillaceae_1|g__Paenibacillus|",-3.33386270764763,"Five-speices mix","k__Bacteria","p__Firmicutes","c__Bacilli","o__Bacillales","f__Paenibacillaceae_1","g__Paenibacillus",NA,"g__Paenibacillus"
"264","k__Bacteria|p__Firmicutes|c__Bacilli|o__Bacillales|f__Planococcaceae|g__Bhargavaea|",2.23710476394552,"Wheat","k__Bacteria","p__Firmicutes","c__Bacilli","o__Bacillales","f__Planococcaceae","g__Bhargavaea",NA,"g__Bhargavaea"
"320","k__Bacteria|p__Firmicutes|c__Bacilli|o__Bacillales|f__Planococcaceae|g__Bhargavaea|",2.10300190226608,"Wheat-clover mix","k__Bacteria","p__Firmicutes","c__Bacilli","o__Bacillales","f__Planococcaceae","g__Bhargavaea",NA,"g__Bhargavaea"
"173","k__Bacteria|p__Firmicutes|c__Bacilli|o__Bacillales|f__Planococcaceae|g__Bhargavaea|",-2.4005744000839,"Five-speices mix","k__Bacteria","p__Firmicutes","c__Bacilli","o__Bacillales","f__Planococcaceae","g__Bhargavaea",NA,"g__Bhargavaea"
"330","k__Bacteria|p__Firmicutes|c__Bacilli|o__Bacillales|f__Planococcaceae|g__Kurthia|",2.00247048439871,"Clover","k__Bacteria","p__Firmicutes","c__Bacilli","o__Bacillales","f__Planococcaceae","g__Kurthia",NA,"g__Kurthia"
"215","k__Bacteria|p__Firmicutes|c__Bacilli|o__Bacillales|f__Planococcaceae|g__Kurthia|",-2.21895843101273,"Five-speices mix","k__Bacteria","p__Firmicutes","c__Bacilli","o__Bacillales","f__Planococcaceae","g__Kurthia",NA,"g__Kurthia"
"560","k__Bacteria|p__Firmicutes|c__Bacilli|o__Bacillales|f__Planococcaceae|g__Lysinibacillus|",2.5988763673388,"No residue","k__Bacteria","p__Firmicutes","c__Bacilli","o__Bacillales","f__Planococcaceae","g__Lysinibacillus",NA,"g__Lysinibacillus"
"131","k__Bacteria|p__Firmicutes|c__Bacilli|o__Bacillales|f__Planococcaceae|g__Lysinibacillus|",-2.22724346057902,"Wheat","k__Bacteria","p__Firmicutes","c__Bacilli","o__Bacillales","f__Planococcaceae","g__Lysinibacillus",NA,"g__Lysinibacillus"
"340","k__Bacteria|p__Firmicutes|c__Bacilli|o__Bacillales|f__Planococcaceae|g__Lysinibacillus|",2.18195522608651,"Clover","k__Bacteria","p__Firmicutes","c__Bacilli","o__Bacillales","f__Planococcaceae","g__Lysinibacillus",NA,"g__Lysinibacillus"
"113","k__Bacteria|p__Firmicutes|c__Bacilli|o__Bacillales|f__Planococcaceae|g__Lysinibacillus|",-2.49663761785841,"Wheat-clover mix","k__Bacteria","p__Firmicutes","c__Bacilli","o__Bacillales","f__Planococcaceae","g__Lysinibacillus",NA,"g__Lysinibacillus"
"556","k__Bacteria|p__Firmicutes|c__Bacilli|o__Bacillales|f__Planococcaceae|g__Metasolibacillus|",2.30142004441459,"No residue","k__Bacteria","p__Firmicutes","c__Bacilli","o__Bacillales","f__Planococcaceae","g__Metasolibacillus",NA,"g__Metasolibacillus"
"133","k__Bacteria|p__Firmicutes|c__Bacilli|o__Bacillales|f__Planococcaceae|g__Metasolibacillus|",-2.54852708229847,"Five-speices mix","k__Bacteria","p__Firmicutes","c__Bacilli","o__Bacillales","f__Planococcaceae","g__Metasolibacillus",NA,"g__Metasolibacillus"
"551","k__Bacteria|p__Firmicutes|c__Bacilli|o__Bacillales|f__Planococcaceae|g__Rummeliibacillus|",2.0146459369968,"No residue","k__Bacteria","p__Firmicutes","c__Bacilli","o__Bacillales","f__Planococcaceae","g__Rummeliibacillus",NA,"g__Rummeliibacillus"
"336","k__Bacteria|p__Firmicutes|c__Bacilli|o__Bacillales|f__Planococcaceae|g__Rummeliibacillus|",2.11897766751151,"Clover","k__Bacteria","p__Firmicutes","c__Bacilli","o__Bacillales","f__Planococcaceae","g__Rummeliibacillus",NA,"g__Rummeliibacillus"
"203","k__Bacteria|p__Firmicutes|c__Bacilli|o__Bacillales|f__Planococcaceae|g__Rummeliibacillus|",-2.28821774162176,"Five-speices mix","k__Bacteria","p__Firmicutes","c__Bacilli","o__Bacillales","f__Planococcaceae","g__Rummeliibacillus",NA,"g__Rummeliibacillus"
"954","k__Bacteria|p__Firmicutes|c__Bacilli|o__Bacillales|f__Planococcaceae|g__Sporosarcina|",2.46261547318704,"Five-speices mix","k__Bacteria","p__Firmicutes","c__Bacilli","o__Bacillales","f__Planococcaceae","g__Sporosarcina",NA,"g__Sporosarcina"
"559","k__Bacteria|p__Firmicutes|c__Bacilli|o__Bacillales|f__Thermoactinomycetaceae_1|g__Risungbinella|",2.57438554409881,"No residue","k__Bacteria","p__Firmicutes","c__Bacilli","o__Bacillales","f__Thermoactinomycetaceae_1","g__Risungbinella",NA,"g__Risungbinella"
"202","k__Bacteria|p__Firmicutes|c__Bacilli|o__Bacillales|f__Thermoactinomycetaceae_1|g__Risungbinella|",-2.1937546792325,"Wheat-clover mix","k__Bacteria","p__Firmicutes","c__Bacilli","o__Bacillales","f__Thermoactinomycetaceae_1","g__Risungbinella",NA,"g__Risungbinella"
"193","k__Bacteria|p__Firmicutes|c__Bacilli|o__Bacillales|f__Thermoactinomycetaceae_1|g__Risungbinella|",-2.32530665124525,"Five-speices mix","k__Bacteria","p__Firmicutes","c__Bacilli","o__Bacillales","f__Thermoactinomycetaceae_1","g__Risungbinella",NA,"g__Risungbinella"
"61","k__Bacteria|p__Firmicutes|c__Clostridia|o__Clostridiales|f__Clostridiaceae_1|g__Clostridium_sensu_stricto|",-2.19107525832149,"No residue","k__Bacteria","p__Firmicutes","c__Clostridia","o__Clostridiales","f__Clostridiaceae_1","g__Clostridium_sensu_stricto",NA,"g__Clostridium_sensu_stricto"
"151","k__Bacteria|p__Firmicutes|c__Clostridia|o__Clostridiales|f__Clostridiaceae_1|g__Clostridium_sensu_stricto|",-2.1767462918739,"Wheat","k__Bacteria","p__Firmicutes","c__Clostridia","o__Clostridiales","f__Clostridiaceae_1","g__Clostridium_sensu_stricto",NA,"g__Clostridium_sensu_stricto"
"969","k__Bacteria|p__Firmicutes|c__Clostridia|o__Clostridiales|f__Clostridiaceae_1|g__Clostridium_sensu_stricto|",2.65702028968097,"Five-speices mix","k__Bacteria","p__Firmicutes","c__Clostridia","o__Clostridiales","f__Clostridiaceae_1","g__Clostridium_sensu_stricto",NA,"g__Clostridium_sensu_stricto"
"885","k__Bacteria|p__Firmicutes|c__Clostridia|o__Clostridiales|f__Gracilibacteraceae|g__Gracilibacter|",2.00697187426479,"Five-speices mix","k__Bacteria","p__Firmicutes","c__Clostridia","o__Clostridiales","f__Gracilibacteraceae","g__Gracilibacter",NA,"g__Gracilibacter"
"906","k__Bacteria|p__Firmicutes|c__Clostridia|o__Clostridiales|f__Peptostreptococcaceae|g__Paraclostridium|",2.10148444827687,"Five-speices mix","k__Bacteria","p__Firmicutes","c__Clostridia","o__Clostridiales","f__Peptostreptococcaceae","g__Paraclostridium",NA,"g__Paraclostridium"
"891","k__Bacteria|p__Firmicutes|c__Clostridia|o__Clostridiales|f__Ruminococcaceae|g__Pseudobacteroides|",2.04257426443978,"Five-speices mix","k__Bacteria","p__Firmicutes","c__Clostridia","o__Clostridiales","f__Ruminococcaceae","g__Pseudobacteroides",NA,"g__Pseudobacteroides"
"889","k__Bacteria|p__Firmicutes|c__Clostridia|o__Clostridiales|f__Ruminococcaceae|",2.02446913365132,"Five-speices mix","k__Bacteria","p__Firmicutes","c__Clostridia","o__Clostridiales","f__Ruminococcaceae",NA,NA,"f__Ruminococcaceae"
"924","k__Bacteria|p__Firmicutes|c__Clostridia|o__Clostridiales|",2.21813343373702,"Five-speices mix","k__Bacteria","p__Firmicutes","c__Clostridia","o__Clostridiales",NA,NA,NA,"o__Clostridiales"
"932","k__Bacteria|p__Firmicutes|",2.26073112990649,"Five-speices mix","k__Bacteria","p__Firmicutes",NA,NA,NA,NA,NA,"p__Firmicutes"
"62","k__Bacteria|p__Gemmatimonadetes|c__Gemmatimonadetes|o__Gemmatimonadales|f__Gemmatimonadaceae|g__Gemmatimonas|",-2.18732211998351,"No residue","k__Bacteria","p__Gemmatimonadetes","c__Gemmatimonadetes","o__Gemmatimonadales","f__Gemmatimonadaceae","g__Gemmatimonas",NA,"g__Gemmatimonas"
"121","k__Bacteria|p__Gemmatimonadetes|c__Gemmatimonadetes|o__Gemmatimonadales|f__Gemmatimonadaceae|g__Gemmatimonas|",-2.24387042276102,"Wheat","k__Bacteria","p__Gemmatimonadetes","c__Gemmatimonadetes","o__Gemmatimonadales","f__Gemmatimonadaceae","g__Gemmatimonas",NA,"g__Gemmatimonas"
"345","k__Bacteria|p__Gemmatimonadetes|c__Gemmatimonadetes|o__Gemmatimonadales|f__Gemmatimonadaceae|g__Gemmatimonas|",2.32955686793745,"Clover","k__Bacteria","p__Gemmatimonadetes","c__Gemmatimonadetes","o__Gemmatimonadales","f__Gemmatimonadaceae","g__Gemmatimonas",NA,"g__Gemmatimonas"
"213","k__Bacteria|p__Gemmatimonadetes|c__Gemmatimonadetes|o__Gemmatimonadales|f__Gemmatimonadaceae|g__Gemmatimonas|",-2.15376616563006,"Wheat-clover mix","k__Bacteria","p__Gemmatimonadetes","c__Gemmatimonadetes","o__Gemmatimonadales","f__Gemmatimonadaceae","g__Gemmatimonas",NA,"g__Gemmatimonas"
"948","k__Bacteria|p__Gemmatimonadetes|c__Gemmatimonadetes|o__Gemmatimonadales|f__Gemmatimonadaceae|g__Gemmatimonas|",2.41022513915349,"Five-speices mix","k__Bacteria","p__Gemmatimonadetes","c__Gemmatimonadetes","o__Gemmatimonadales","f__Gemmatimonadaceae","g__Gemmatimonas",NA,"g__Gemmatimonas"
"35","k__Bacteria|p__Gemmatimonadetes|c__Gemmatimonadetes|o__Gemmatimonadales|f__Gemmatimonadaceae|g__Gemmatirosa|",-2.44365400620966,"No residue","k__Bacteria","p__Gemmatimonadetes","c__Gemmatimonadetes","o__Gemmatimonadales","f__Gemmatimonadaceae","g__Gemmatirosa",NA,"g__Gemmatirosa"
"122","k__Bacteria|p__Gemmatimonadetes|c__Gemmatimonadetes|o__Gemmatimonadales|f__Gemmatimonadaceae|g__Gemmatirosa|",-2.44481294759709,"Wheat-clover mix","k__Bacteria","p__Gemmatimonadetes","c__Gemmatimonadetes","o__Gemmatimonadales","f__Gemmatimonadaceae","g__Gemmatirosa",NA,"g__Gemmatirosa"
"995","k__Bacteria|p__Gemmatimonadetes|c__Gemmatimonadetes|o__Gemmatimonadales|f__Gemmatimonadaceae|g__Gemmatirosa|",2.92528419110937,"Five-speices mix","k__Bacteria","p__Gemmatimonadetes","c__Gemmatimonadetes","o__Gemmatimonadales","f__Gemmatimonadaceae","g__Gemmatirosa",NA,"g__Gemmatirosa"
"10","k__Bacteria|p__Gemmatimonadetes|c__Gemmatimonadetes|o__Gemmatimonadales|f__Gemmatimonadaceae|g__Roseisolibacter|",-2.71909161004511,"No residue","k__Bacteria","p__Gemmatimonadetes","c__Gemmatimonadetes","o__Gemmatimonadales","f__Gemmatimonadaceae","g__Roseisolibacter",NA,"g__Roseisolibacter"
"1002","k__Bacteria|p__Gemmatimonadetes|c__Gemmatimonadetes|o__Gemmatimonadales|f__Gemmatimonadaceae|g__Roseisolibacter|",3.01824211863713,"Five-speices mix","k__Bacteria","p__Gemmatimonadetes","c__Gemmatimonadetes","o__Gemmatimonadales","f__Gemmatimonadaceae","g__Roseisolibacter",NA,"g__Roseisolibacter"
"101","k__Bacteria|p__Gemmatimonadetes|c__Gemmatimonadetes|o__Gemmatimonadales|f__Gemmatimonadaceae|",-2.49957964991277,"Wheat","k__Bacteria","p__Gemmatimonadetes","c__Gemmatimonadetes","o__Gemmatimonadales","f__Gemmatimonadaceae",NA,NA,"f__Gemmatimonadaceae"
"346","k__Bacteria|p__Gemmatimonadetes|c__Gemmatimonadetes|o__Gemmatimonadales|f__Gemmatimonadaceae|",2.33688175342607,"Clover","k__Bacteria","p__Gemmatimonadetes","c__Gemmatimonadetes","o__Gemmatimonadales","f__Gemmatimonadaceae",NA,NA,"f__Gemmatimonadaceae"
"911","k__Bacteria|p__Gemmatimonadetes|c__Gemmatimonadetes|o__Gemmatimonadales|f__Gemmatimonadaceae|",-2.61565414549573,"Wheat-clover mix","k__Bacteria","p__Gemmatimonadetes","c__Gemmatimonadetes","o__Gemmatimonadales","f__Gemmatimonadaceae",NA,NA,"f__Gemmatimonadaceae"
"987","k__Bacteria|p__Gemmatimonadetes|c__Gemmatimonadetes|o__Gemmatimonadales|f__Gemmatimonadaceae|",2.84954911754088,"Five-speices mix","k__Bacteria","p__Gemmatimonadetes","c__Gemmatimonadetes","o__Gemmatimonadales","f__Gemmatimonadaceae",NA,NA,"f__Gemmatimonadaceae"
"338","k__Bacteria|p__Gemmatimonadetes|c__Longimicrobia|o__Longimicrobiales|f__Longimicrobiaceae|g__Longimicrobium|",2.16155729581787,"Clover","k__Bacteria","p__Gemmatimonadetes","c__Longimicrobia","o__Longimicrobiales","f__Longimicrobiaceae","g__Longimicrobium",NA,"g__Longimicrobium"
"332","k__Bacteria|p__Gemmatimonadetes|",2.02690796062555,"Clover","k__Bacteria","p__Gemmatimonadetes",NA,NA,NA,NA,NA,"p__Gemmatimonadetes"
"957","k__Bacteria|p__Latescibacteria|",2.48625663336354,"Five-speices mix","k__Bacteria","p__Latescibacteria",NA,NA,NA,NA,NA,"p__Latescibacteria"
"18","k__Bacteria|p__Nitrospirae|c__Nitrospira|o__Nitrospirales|f__Nitrospiraceae|g__Nitrospira|",-2.61956606628894,"No residue","k__Bacteria","p__Nitrospirae","c__Nitrospira","o__Nitrospirales","f__Nitrospiraceae","g__Nitrospira",NA,"g__Nitrospira"
"996","k__Bacteria|p__Nitrospirae|c__Nitrospira|o__Nitrospirales|f__Nitrospiraceae|g__Nitrospira|",2.93961710763396,"Five-speices mix","k__Bacteria","p__Nitrospirae","c__Nitrospira","o__Nitrospirales","f__Nitrospiraceae","g__Nitrospira",NA,"g__Nitrospira"
"930","k__Bacteria|p__Planctomycetes|c__Planctomycetacia|o__Pirellulales|f__Pirellulaceae|g__Pirellula|",2.24920500731051,"Five-speices mix","k__Bacteria","p__Planctomycetes","c__Planctomycetacia","o__Pirellulales","f__Pirellulaceae","g__Pirellula",NA,"g__Pirellula"
"65","k__Bacteria|p__Planctomycetes|c__Planctomycetacia|o__Planctomycetales|f__Gemmataceae|g__Fimbriiglobus|",-2.1355548822544,"No residue","k__Bacteria","p__Planctomycetes","c__Planctomycetacia","o__Planctomycetales","f__Gemmataceae","g__Fimbriiglobus",NA,"g__Fimbriiglobus"
"958","k__Bacteria|p__Planctomycetes|c__Planctomycetacia|o__Planctomycetales|f__Gemmataceae|g__Fimbriiglobus|",2.49741596918403,"Five-speices mix","k__Bacteria","p__Planctomycetes","c__Planctomycetacia","o__Planctomycetales","f__Gemmataceae","g__Fimbriiglobus",NA,"g__Fimbriiglobus"
"893","k__Bacteria|p__Planctomycetes|c__Planctomycetacia|o__Planctomycetales|f__Gemmataceae|g__Zavarzinella|",2.04768632979745,"Five-speices mix","k__Bacteria","p__Planctomycetes","c__Planctomycetacia","o__Planctomycetales","f__Gemmataceae","g__Zavarzinella",NA,"g__Zavarzinella"
"950","k__Bacteria|p__Planctomycetes|c__Planctomycetacia|o__Planctomycetales|f__Gemmataceae|",2.42707525449175,"Five-speices mix","k__Bacteria","p__Planctomycetes","c__Planctomycetacia","o__Planctomycetales","f__Gemmataceae",NA,NA,"f__Gemmataceae"
"916","k__Bacteria|p__Planctomycetes|c__Planctomycetacia|o__Planctomycetales|f__Isosphaeraceae|g__Aquisphaera|",2.17200519111886,"Five-speices mix","k__Bacteria","p__Planctomycetes","c__Planctomycetacia","o__Planctomycetales","f__Isosphaeraceae","g__Aquisphaera",NA,"g__Aquisphaera"
"904","k__Bacteria|p__Planctomycetes|c__Planctomycetacia|o__Planctomycetales|f__Isosphaeraceae|g__Singulisphaera|",2.09635336471084,"Five-speices mix","k__Bacteria","p__Planctomycetes","c__Planctomycetacia","o__Planctomycetales","f__Isosphaeraceae","g__Singulisphaera",NA,"g__Singulisphaera"
"900","k__Bacteria|p__Planctomycetes|c__Planctomycetacia|",2.07061947204019,"Five-speices mix","k__Bacteria","p__Planctomycetes","c__Planctomycetacia",NA,NA,NA,NA,"c__Planctomycetacia"
"72","k__Bacteria|p__Proteobacteria|c__Alphaproteobacteria|o__Caulobacterales|f__Caulobacteraceae|g__Phenylobacterium|",-2.00992771551731,"No residue","k__Bacteria","p__Proteobacteria","c__Alphaproteobacteria","o__Caulobacterales","f__Caulobacteraceae","g__Phenylobacterium",NA,"g__Phenylobacterium"
"350","k__Bacteria|p__Proteobacteria|c__Alphaproteobacteria|o__Caulobacterales|f__Caulobacteraceae|g__Phenylobacterium|",2.43480624001657,"Clover","k__Bacteria","p__Proteobacteria","c__Alphaproteobacteria","o__Caulobacterales","f__Caulobacteraceae","g__Phenylobacterium",NA,"g__Phenylobacterium"
"222","k__Bacteria|p__Proteobacteria|c__Alphaproteobacteria|o__Caulobacterales|f__Caulobacteraceae|g__Phenylobacterium|",-2.11514200447646,"Wheat-clover mix","k__Bacteria","p__Proteobacteria","c__Alphaproteobacteria","o__Caulobacterales","f__Caulobacteraceae","g__Phenylobacterium",NA,"g__Phenylobacterium"
"887","k__Bacteria|p__Proteobacteria|c__Alphaproteobacteria|o__Micropepsales|f__Micropepsaceae|g__Micropepsis|",2.01950075345729,"Five-speices mix","k__Bacteria","p__Proteobacteria","c__Alphaproteobacteria","o__Micropepsales","f__Micropepsaceae","g__Micropepsis",NA,"g__Micropepsis"
"161","k__Bacteria|p__Proteobacteria|c__Alphaproteobacteria|o__Micropepsales|f__Micropepsaceae|g__Rhizomicrobium|",-2.143721423705,"Wheat","k__Bacteria","p__Proteobacteria","c__Alphaproteobacteria","o__Micropepsales","f__Micropepsaceae","g__Rhizomicrobium",NA,"g__Rhizomicrobium"
"956","k__Bacteria|p__Proteobacteria|c__Alphaproteobacteria|o__Micropepsales|f__Micropepsaceae|g__Rhizomicrobium|",2.48524651806731,"Five-speices mix","k__Bacteria","p__Proteobacteria","c__Alphaproteobacteria","o__Micropepsales","f__Micropepsaceae","g__Rhizomicrobium",NA,"g__Rhizomicrobium"
"25","k__Bacteria|p__Proteobacteria|c__Alphaproteobacteria|o__Rhizobiales|f__Bradyrhizobiaceae|g__Bradyrhizobium|",-2.52474082197184,"No residue","k__Bacteria","p__Proteobacteria","c__Alphaproteobacteria","o__Rhizobiales","f__Bradyrhizobiaceae","g__Bradyrhizobium",NA,"g__Bradyrhizobium"
"511","k__Bacteria|p__Proteobacteria|c__Alphaproteobacteria|o__Rhizobiales|f__Bradyrhizobiaceae|g__Bradyrhizobium|",-2.2795564378253,"Clover","k__Bacteria","p__Proteobacteria","c__Alphaproteobacteria","o__Rhizobiales","f__Bradyrhizobiaceae","g__Bradyrhizobium",NA,"g__Bradyrhizobium"
"981","k__Bacteria|p__Proteobacteria|c__Alphaproteobacteria|o__Rhizobiales|f__Bradyrhizobiaceae|g__Bradyrhizobium|",2.76533154046092,"Five-speices mix","k__Bacteria","p__Proteobacteria","c__Alphaproteobacteria","o__Rhizobiales","f__Bradyrhizobiaceae","g__Bradyrhizobium",NA,"g__Bradyrhizobium"
"16","k__Bacteria|p__Proteobacteria|c__Alphaproteobacteria|o__Rhizobiales|f__Bradyrhizobiaceae|g__Pseudolabrys|",-2.65846603259907,"No residue","k__Bacteria","p__Proteobacteria","c__Alphaproteobacteria","o__Rhizobiales","f__Bradyrhizobiaceae","g__Pseudolabrys",NA,"g__Pseudolabrys"
"811","k__Bacteria|p__Proteobacteria|c__Alphaproteobacteria|o__Rhizobiales|f__Bradyrhizobiaceae|g__Pseudolabrys|",-2.69526270424454,"Wheat-clover mix","k__Bacteria","p__Proteobacteria","c__Alphaproteobacteria","o__Rhizobiales","f__Bradyrhizobiaceae","g__Pseudolabrys",NA,"g__Pseudolabrys"
"1014","k__Bacteria|p__Proteobacteria|c__Alphaproteobacteria|o__Rhizobiales|f__Bradyrhizobiaceae|g__Pseudolabrys|",3.19327689956645,"Five-speices mix","k__Bacteria","p__Proteobacteria","c__Alphaproteobacteria","o__Rhizobiales","f__Bradyrhizobiaceae","g__Pseudolabrys",NA,"g__Pseudolabrys"
"20","k__Bacteria|p__Proteobacteria|c__Alphaproteobacteria|o__Rhizobiales|f__Bradyrhizobiaceae|g__Rhodoplanes|",-2.59636510560257,"No residue","k__Bacteria","p__Proteobacteria","c__Alphaproteobacteria","o__Rhizobiales","f__Bradyrhizobiaceae","g__Rhodoplanes",NA,"g__Rhodoplanes"
"1001","k__Bacteria|p__Proteobacteria|c__Alphaproteobacteria|o__Rhizobiales|f__Bradyrhizobiaceae|g__Rhodoplanes|",3.01762999677831,"Five-speices mix","k__Bacteria","p__Proteobacteria","c__Alphaproteobacteria","o__Rhizobiales","f__Bradyrhizobiaceae","g__Rhodoplanes",NA,"g__Rhodoplanes"
"26","k__Bacteria|p__Proteobacteria|c__Alphaproteobacteria|o__Rhizobiales|f__Bradyrhizobiaceae|",-2.50945451706971,"No residue","k__Bacteria","p__Proteobacteria","c__Alphaproteobacteria","o__Rhizobiales","f__Bradyrhizobiaceae",NA,NA,"f__Bradyrhizobiaceae"
"999","k__Bacteria|p__Proteobacteria|c__Alphaproteobacteria|o__Rhizobiales|f__Bradyrhizobiaceae|",3.00572347083913,"Five-speices mix","k__Bacteria","p__Proteobacteria","c__Alphaproteobacteria","o__Rhizobiales","f__Bradyrhizobiaceae",NA,NA,"f__Bradyrhizobiaceae"
"40","k__Bacteria|p__Proteobacteria|c__Alphaproteobacteria|o__Rhizobiales|f__Hyphomicrobiaceae|g__Hyphomicrobium|",-2.3967984170412,"No residue","k__Bacteria","p__Proteobacteria","c__Alphaproteobacteria","o__Rhizobiales","f__Hyphomicrobiaceae","g__Hyphomicrobium",NA,"g__Hyphomicrobium"
"611","k__Bacteria|p__Proteobacteria|c__Alphaproteobacteria|o__Rhizobiales|f__Hyphomicrobiaceae|g__Hyphomicrobium|",-2.22846844004751,"Clover","k__Bacteria","p__Proteobacteria","c__Alphaproteobacteria","o__Rhizobiales","f__Hyphomicrobiaceae","g__Hyphomicrobium",NA,"g__Hyphomicrobium"
"979","k__Bacteria|p__Proteobacteria|c__Alphaproteobacteria|o__Rhizobiales|f__Hyphomicrobiaceae|g__Hyphomicrobium|",2.74248582778889,"Five-speices mix","k__Bacteria","p__Proteobacteria","c__Alphaproteobacteria","o__Rhizobiales","f__Hyphomicrobiaceae","g__Hyphomicrobium",NA,"g__Hyphomicrobium"
"48","k__Bacteria|p__Proteobacteria|c__Alphaproteobacteria|o__Rhizobiales|f__Hyphomicrobiaceae|g__Methyloceanibacter|",-2.34537363955298,"No residue","k__Bacteria","p__Proteobacteria","c__Alphaproteobacteria","o__Rhizobiales","f__Hyphomicrobiaceae","g__Methyloceanibacter",NA,"g__Methyloceanibacter"
"973","k__Bacteria|p__Proteobacteria|c__Alphaproteobacteria|o__Rhizobiales|f__Hyphomicrobiaceae|g__Methyloceanibacter|",2.71364200854332,"Five-speices mix","k__Bacteria","p__Proteobacteria","c__Alphaproteobacteria","o__Rhizobiales","f__Hyphomicrobiaceae","g__Methyloceanibacter",NA,"g__Methyloceanibacter"
"13","k__Bacteria|p__Proteobacteria|c__Alphaproteobacteria|o__Rhizobiales|f__Hyphomicrobiaceae|g__Methyloligella|",-2.68683169518615,"No residue","k__Bacteria","p__Proteobacteria","c__Alphaproteobacteria","o__Rhizobiales","f__Hyphomicrobiaceae","g__Methyloligella",NA,"g__Methyloligella"
"1007","k__Bacteria|p__Proteobacteria|c__Alphaproteobacteria|o__Rhizobiales|f__Hyphomicrobiaceae|g__Methyloligella|",3.08759593587393,"Five-speices mix","k__Bacteria","p__Proteobacteria","c__Alphaproteobacteria","o__Rhizobiales","f__Hyphomicrobiaceae","g__Methyloligella",NA,"g__Methyloligella"
"47","k__Bacteria|p__Proteobacteria|c__Alphaproteobacteria|o__Rhizobiales|f__Hyphomicrobiaceae|g__Pedomicrobium|",-2.35383808068793,"No residue","k__Bacteria","p__Proteobacteria","c__Alphaproteobacteria","o__Rhizobiales","f__Hyphomicrobiaceae","g__Pedomicrobium",NA,"g__Pedomicrobium"
"971","k__Bacteria|p__Proteobacteria|c__Alphaproteobacteria|o__Rhizobiales|f__Hyphomicrobiaceae|g__Pedomicrobium|",2.69591245208514,"Five-speices mix","k__Bacteria","p__Proteobacteria","c__Alphaproteobacteria","o__Rhizobiales","f__Hyphomicrobiaceae","g__Pedomicrobium",NA,"g__Pedomicrobium"
"49","k__Bacteria|p__Proteobacteria|c__Alphaproteobacteria|o__Rhizobiales|f__Hyphomicrobiaceae|",-2.329254776331,"No residue","k__Bacteria","p__Proteobacteria","c__Alphaproteobacteria","o__Rhizobiales","f__Hyphomicrobiaceae",NA,NA,"f__Hyphomicrobiaceae"
"74","k__Bacteria|p__Proteobacteria|c__Alphaproteobacteria|o__Rhizobiales|f__Hyphomicrobiaceae|",-2.20026456895621,"Clover","k__Bacteria","p__Proteobacteria","c__Alphaproteobacteria","o__Rhizobiales","f__Hyphomicrobiaceae",NA,NA,"f__Hyphomicrobiaceae"
"976","k__Bacteria|p__Proteobacteria|c__Alphaproteobacteria|o__Rhizobiales|f__Hyphomicrobiaceae|",2.73413091791669,"Five-speices mix","k__Bacteria","p__Proteobacteria","c__Alphaproteobacteria","o__Rhizobiales","f__Hyphomicrobiaceae",NA,NA,"f__Hyphomicrobiaceae"
"53","k__Bacteria|p__Proteobacteria|c__Alphaproteobacteria|o__Rhizobiales|f__Methylobacteriaceae|g__Microvirga|",-2.28895427573565,"No residue","k__Bacteria","p__Proteobacteria","c__Alphaproteobacteria","o__Rhizobiales","f__Methylobacteriaceae","g__Microvirga",NA,"g__Microvirga"
"348","k__Bacteria|p__Proteobacteria|c__Alphaproteobacteria|o__Rhizobiales|f__Methylobacteriaceae|g__Microvirga|",2.42405174727048,"Clover","k__Bacteria","p__Proteobacteria","c__Alphaproteobacteria","o__Rhizobiales","f__Methylobacteriaceae","g__Microvirga",NA,"g__Microvirga"
"64","k__Bacteria|p__Proteobacteria|c__Alphaproteobacteria|o__Rhizobiales|f__Phyllobacteriaceae|g__Mesorhizobium|",-2.17168053632085,"No residue","k__Bacteria","p__Proteobacteria","c__Alphaproteobacteria","o__Rhizobiales","f__Phyllobacteriaceae","g__Mesorhizobium",NA,"g__Mesorhizobium"
"935","k__Bacteria|p__Proteobacteria|c__Alphaproteobacteria|o__Rhizobiales|f__Phyllobacteriaceae|g__Mesorhizobium|",2.2947081659932,"Five-speices mix","k__Bacteria","p__Proteobacteria","c__Alphaproteobacteria","o__Rhizobiales","f__Phyllobacteriaceae","g__Mesorhizobium",NA,"g__Mesorhizobium"
"59","k__Bacteria|p__Proteobacteria|c__Alphaproteobacteria|o__Rhizobiales|f__Rhizobiaceae|g__Rhizobium|",-2.23339219899888,"No residue","k__Bacteria","p__Proteobacteria","c__Alphaproteobacteria","o__Rhizobiales","f__Rhizobiaceae","g__Rhizobium",NA,"g__Rhizobium"
"323","k__Bacteria|p__Proteobacteria|c__Alphaproteobacteria|o__Rhizobiales|f__Rhizobiaceae|g__Rhizobium|",2.4755126748824,"Wheat-clover mix","k__Bacteria","p__Proteobacteria","c__Alphaproteobacteria","o__Rhizobiales","f__Rhizobiaceae","g__Rhizobium",NA,"g__Rhizobium"
"223","k__Bacteria|p__Proteobacteria|c__Alphaproteobacteria|o__Rhizobiales|f__Rhizobiaceae|g__Rhizobium|",-2.15990437509562,"Five-speices mix","k__Bacteria","p__Proteobacteria","c__Alphaproteobacteria","o__Rhizobiales","f__Rhizobiaceae","g__Rhizobium",NA,"g__Rhizobium"
"9","k__Bacteria|p__Proteobacteria|c__Alphaproteobacteria|o__Rhizobiales|",-2.72527339552788,"No residue","k__Bacteria","p__Proteobacteria","c__Alphaproteobacteria","o__Rhizobiales",NA,NA,NA,"o__Rhizobiales"
"1010","k__Bacteria|p__Proteobacteria|c__Alphaproteobacteria|o__Rhizobiales|",3.1457037144073,"Five-speices mix","k__Bacteria","p__Proteobacteria","c__Alphaproteobacteria","o__Rhizobiales",NA,NA,NA,"o__Rhizobiales"
"191","k__Bacteria|p__Proteobacteria|c__Alphaproteobacteria|o__Rhodospirillales|f__Acetobacteraceae|",-2.08275701619005,"Wheat","k__Bacteria","p__Proteobacteria","c__Alphaproteobacteria","o__Rhodospirillales","f__Acetobacteraceae",NA,NA,"f__Acetobacteraceae"
"959","k__Bacteria|p__Proteobacteria|c__Alphaproteobacteria|o__Rhodospirillales|f__Acetobacteraceae|",2.50082876413165,"Five-speices mix","k__Bacteria","p__Proteobacteria","c__Alphaproteobacteria","o__Rhodospirillales","f__Acetobacteraceae",NA,NA,"f__Acetobacteraceae"
"69","k__Bacteria|p__Proteobacteria|c__Alphaproteobacteria|o__Rhodospirillales|f__Azospirillaceae|g__Skermanella|",-2.04861096789923,"No residue","k__Bacteria","p__Proteobacteria","c__Alphaproteobacteria","o__Rhodospirillales","f__Azospirillaceae","g__Skermanella",NA,"g__Skermanella"
"944","k__Bacteria|p__Proteobacteria|c__Alphaproteobacteria|o__Rhodospirillales|f__Azospirillaceae|g__Skermanella|",2.39090186788083,"Five-speices mix","k__Bacteria","p__Proteobacteria","c__Alphaproteobacteria","o__Rhodospirillales","f__Azospirillaceae","g__Skermanella",NA,"g__Skermanella"
"920","k__Bacteria|p__Proteobacteria|c__Alphaproteobacteria|o__Rhodospirillales|f__Azospirillaceae|",2.19651768168944,"Five-speices mix","k__Bacteria","p__Proteobacteria","c__Alphaproteobacteria","o__Rhodospirillales","f__Azospirillaceae",NA,NA,"f__Azospirillaceae"
"211","k__Bacteria|p__Proteobacteria|c__Alphaproteobacteria|o__Rhodospirillales|f__Reyranellaceae|g__Reyranella|",-2.03505278340123,"Wheat","k__Bacteria","p__Proteobacteria","c__Alphaproteobacteria","o__Rhodospirillales","f__Reyranellaceae","g__Reyranella",NA,"g__Reyranella"
"894","k__Bacteria|p__Proteobacteria|c__Alphaproteobacteria|o__Rhodospirillales|f__Reyranellaceae|g__Reyranella|",2.05040339044982,"Five-speices mix","k__Bacteria","p__Proteobacteria","c__Alphaproteobacteria","o__Rhodospirillales","f__Reyranellaceae","g__Reyranella",NA,"g__Reyranella"
"44","k__Bacteria|p__Proteobacteria|c__Alphaproteobacteria|o__Rhodospirillales|f__Rhodospirillaceae|g__Dongia|",-2.37499119033254,"No residue","k__Bacteria","p__Proteobacteria","c__Alphaproteobacteria","o__Rhodospirillales","f__Rhodospirillaceae","g__Dongia",NA,"g__Dongia"
"92","k__Bacteria|p__Proteobacteria|c__Alphaproteobacteria|o__Rhodospirillales|f__Rhodospirillaceae|g__Dongia|",-2.12280430209458,"Clover","k__Bacteria","p__Proteobacteria","c__Alphaproteobacteria","o__Rhodospirillales","f__Rhodospirillaceae","g__Dongia",NA,"g__Dongia"
"324","k__Bacteria|p__Proteobacteria|c__Alphaproteobacteria|o__Rhodospirillales|f__Rhodospirillaceae|g__Dongia|",2.49726517074217,"Wheat-clover mix","k__Bacteria","p__Proteobacteria","c__Alphaproteobacteria","o__Rhodospirillales","f__Rhodospirillaceae","g__Dongia",NA,"g__Dongia"
"66","k__Bacteria|p__Proteobacteria|c__Alphaproteobacteria|o__Rhodospirillales|f__Rhodospirillaceae|",-2.11469769248606,"No residue","k__Bacteria","p__Proteobacteria","c__Alphaproteobacteria","o__Rhodospirillales","f__Rhodospirillaceae",NA,NA,"f__Rhodospirillaceae"
"914","k__Bacteria|p__Proteobacteria|c__Alphaproteobacteria|o__Rhodospirillales|f__Rhodospirillaceae|",2.16930353264523,"Five-speices mix","k__Bacteria","p__Proteobacteria","c__Alphaproteobacteria","o__Rhodospirillales","f__Rhodospirillaceae",NA,NA,"f__Rhodospirillaceae"
"8","k__Bacteria|p__Proteobacteria|c__Alphaproteobacteria|o__Rhodospirillales|",-2.747569581411,"No residue","k__Bacteria","p__Proteobacteria","c__Alphaproteobacteria","o__Rhodospirillales",NA,NA,NA,"o__Rhodospirillales"
"610","k__Bacteria|p__Proteobacteria|c__Alphaproteobacteria|o__Rhodospirillales|",-2.68379958028061,"Wheat","k__Bacteria","p__Proteobacteria","c__Alphaproteobacteria","o__Rhodospirillales",NA,NA,NA,"o__Rhodospirillales"
"1012","k__Bacteria|p__Proteobacteria|c__Alphaproteobacteria|o__Rhodospirillales|",3.1834211364782,"Five-speices mix","k__Bacteria","p__Proteobacteria","c__Alphaproteobacteria","o__Rhodospirillales",NA,NA,NA,"o__Rhodospirillales"
"352","k__Bacteria|p__Proteobacteria|c__Alphaproteobacteria|o__Sphingomonadales|f__Sphingomonadaceae|g__Sphingomonas|",2.55809895554725,"Clover","k__Bacteria","p__Proteobacteria","c__Alphaproteobacteria","o__Sphingomonadales","f__Sphingomonadaceae","g__Sphingomonas",NA,"g__Sphingomonas"
"162","k__Bacteria|p__Proteobacteria|c__Alphaproteobacteria|o__Sphingomonadales|f__Sphingomonadaceae|g__Sphingomonas|",-2.31357064398601,"Wheat-clover mix","k__Bacteria","p__Proteobacteria","c__Alphaproteobacteria","o__Sphingomonadales","f__Sphingomonadaceae","g__Sphingomonas",NA,"g__Sphingomonas"
"952","k__Bacteria|p__Proteobacteria|c__Alphaproteobacteria|",2.44535022671238,"Five-speices mix","k__Bacteria","p__Proteobacteria","c__Alphaproteobacteria",NA,NA,NA,NA,"c__Alphaproteobacteria"
"267","k__Bacteria|p__Proteobacteria|c__Betaproteobacteria|o__Burkholderiales|f__Burkholderiaceae|g__Cupriavidus|",2.56294324857683,"Wheat","k__Bacteria","p__Proteobacteria","c__Betaproteobacteria","o__Burkholderiales","f__Burkholderiaceae","g__Cupriavidus",NA,"g__Cupriavidus"
"355","k__Bacteria|p__Proteobacteria|c__Betaproteobacteria|o__Burkholderiales|f__Burkholderiaceae|g__Cupriavidus|",2.65317486333102,"Clover","k__Bacteria","p__Proteobacteria","c__Betaproteobacteria","o__Burkholderiales","f__Burkholderiaceae","g__Cupriavidus",NA,"g__Cupriavidus"
"103","k__Bacteria|p__Proteobacteria|c__Betaproteobacteria|o__Burkholderiales|f__Burkholderiaceae|g__Cupriavidus|",-2.7565633499321,"Five-speices mix","k__Bacteria","p__Proteobacteria","c__Betaproteobacteria","o__Burkholderiales","f__Burkholderiaceae","g__Cupriavidus",NA,"g__Cupriavidus"
"319","k__Bacteria|p__Proteobacteria|c__Betaproteobacteria|o__Burkholderiales|f__Burkholderiaceae|g__Paraburkholderia|",2.09925788267311,"Wheat-clover mix","k__Bacteria","p__Proteobacteria","c__Betaproteobacteria","o__Burkholderiales","f__Burkholderiaceae","g__Paraburkholderia",NA,"g__Paraburkholderia"
"909","k__Bacteria|p__Proteobacteria|c__Betaproteobacteria|o__Burkholderiales|f__Burkholderiales_incertae_sedis|g__Thiobacter|",2.11096466469538,"Five-speices mix","k__Bacteria","p__Proteobacteria","c__Betaproteobacteria","o__Burkholderiales","f__Burkholderiales_incertae_sedis","g__Thiobacter",NA,"g__Thiobacter"
"917","k__Bacteria|p__Proteobacteria|c__Betaproteobacteria|o__Burkholderiales|f__Comamonadaceae|",2.17439553326484,"Five-speices mix","k__Bacteria","p__Proteobacteria","c__Betaproteobacteria","o__Burkholderiales","f__Comamonadaceae",NA,NA,"f__Comamonadaceae"
"28","k__Bacteria|p__Proteobacteria|c__Betaproteobacteria|o__Burkholderiales|",-2.50473626363549,"No residue","k__Bacteria","p__Proteobacteria","c__Betaproteobacteria","o__Burkholderiales",NA,NA,NA,"o__Burkholderiales"
"132","k__Bacteria|p__Proteobacteria|c__Betaproteobacteria|o__Burkholderiales|",-2.42992874268157,"Wheat-clover mix","k__Bacteria","p__Proteobacteria","c__Betaproteobacteria","o__Burkholderiales",NA,NA,NA,"o__Burkholderiales"
"997","k__Bacteria|p__Proteobacteria|c__Betaproteobacteria|o__Burkholderiales|",2.96625196901086,"Five-speices mix","k__Bacteria","p__Proteobacteria","c__Betaproteobacteria","o__Burkholderiales",NA,NA,NA,"o__Burkholderiales"
"902","k__Bacteria|p__Proteobacteria|c__Betaproteobacteria|o__Nitrosomonadales|f__Gallionellaceae|",2.07577225355277,"Five-speices mix","k__Bacteria","p__Proteobacteria","c__Betaproteobacteria","o__Nitrosomonadales","f__Gallionellaceae",NA,NA,"f__Gallionellaceae"
"895","k__Bacteria|p__Proteobacteria|c__Betaproteobacteria|o__Nitrosomonadales|f__Nitrosomonadaceae|g__Nitrosospira|",2.0509533956411,"Five-speices mix","k__Bacteria","p__Proteobacteria","c__Betaproteobacteria","o__Nitrosomonadales","f__Nitrosomonadaceae","g__Nitrosospira",NA,"g__Nitrosospira"
"897","k__Bacteria|p__Proteobacteria|c__Betaproteobacteria|o__Nitrosomonadales|f__Sterolibacteriaceae|",2.06349832226528,"Five-speices mix","k__Bacteria","p__Proteobacteria","c__Betaproteobacteria","o__Nitrosomonadales","f__Sterolibacteriaceae",NA,NA,"f__Sterolibacteriaceae"
"915","k__Bacteria|p__Proteobacteria|c__Betaproteobacteria|o__Nitrosomonadales|f__Thiobacillaceae|g__Sulfuritortus|",2.17140406533094,"Five-speices mix","k__Bacteria","p__Proteobacteria","c__Betaproteobacteria","o__Nitrosomonadales","f__Thiobacillaceae","g__Sulfuritortus",NA,"g__Sulfuritortus"
"54","k__Bacteria|p__Proteobacteria|c__Betaproteobacteria|o__Nitrosomonadales|",-2.28575054273705,"No residue","k__Bacteria","p__Proteobacteria","c__Betaproteobacteria","o__Nitrosomonadales",NA,NA,NA,"o__Nitrosomonadales"
"978","k__Bacteria|p__Proteobacteria|c__Betaproteobacteria|o__Nitrosomonadales|",2.73690159568053,"Five-speices mix","k__Bacteria","p__Proteobacteria","c__Betaproteobacteria","o__Nitrosomonadales",NA,NA,NA,"o__Nitrosomonadales"
"4","k__Bacteria|p__Proteobacteria|c__Betaproteobacteria|",-2.90877394671913,"No residue","k__Bacteria","p__Proteobacteria","c__Betaproteobacteria",NA,NA,NA,NA,"c__Betaproteobacteria"
"612","k__Bacteria|p__Proteobacteria|c__Betaproteobacteria|",-2.83867201992047,"Wheat-clover mix","k__Bacteria","p__Proteobacteria","c__Betaproteobacteria",NA,NA,NA,NA,"c__Betaproteobacteria"
"1020","k__Bacteria|p__Proteobacteria|c__Betaproteobacteria|",3.36000886757549,"Five-speices mix","k__Bacteria","p__Proteobacteria","c__Betaproteobacteria",NA,NA,NA,NA,"c__Betaproteobacteria"
"252","k__Bacteria|p__Proteobacteria|c__Deltaproteobacteria|o__Desulfovibrionales|f__Desulfovibrionaceae|g__Desulfocurvus|",-2.08417568189815,"Five-speices mix","k__Bacteria","p__Proteobacteria","c__Deltaproteobacteria","o__Desulfovibrionales","f__Desulfovibrionaceae","g__Desulfocurvus",NA,"g__Desulfocurvus"
"938","k__Bacteria|p__Proteobacteria|c__Deltaproteobacteria|o__Desulfuromonadales|f__Geobacteraceae|g__Geobacter|",2.34454955543881,"Five-speices mix","k__Bacteria","p__Proteobacteria","c__Deltaproteobacteria","o__Desulfuromonadales","f__Geobacteraceae","g__Geobacter",NA,"g__Geobacter"
"936","k__Bacteria|p__Proteobacteria|c__Deltaproteobacteria|o__Myxococcales|f__Anaeromyxobacteraceae|g__Anaeromyxobacter|",2.29531039023878,"Five-speices mix","k__Bacteria","p__Proteobacteria","c__Deltaproteobacteria","o__Myxococcales","f__Anaeromyxobacteraceae","g__Anaeromyxobacter",NA,"g__Anaeromyxobacter"
"354","k__Bacteria|p__Proteobacteria|c__Deltaproteobacteria|o__Myxococcales|f__Cystobacteraceae|g__Archangium|",2.62100586731062,"Clover","k__Bacteria","p__Proteobacteria","c__Deltaproteobacteria","o__Myxococcales","f__Cystobacteraceae","g__Archangium",NA,"g__Archangium"
"163","k__Bacteria|p__Proteobacteria|c__Deltaproteobacteria|o__Myxococcales|f__Cystobacteraceae|g__Archangium|",-2.41002480053333,"Five-speices mix","k__Bacteria","p__Proteobacteria","c__Deltaproteobacteria","o__Myxococcales","f__Cystobacteraceae","g__Archangium",NA,"g__Archangium"
"343","k__Bacteria|p__Proteobacteria|c__Deltaproteobacteria|o__Myxococcales|f__Cystobacteraceae|g__Cystobacter|",2.24835680702318,"Clover","k__Bacteria","p__Proteobacteria","c__Deltaproteobacteria","o__Myxococcales","f__Cystobacteraceae","g__Cystobacter",NA,"g__Cystobacter"
"241","k__Bacteria|p__Proteobacteria|c__Deltaproteobacteria|o__Myxococcales|f__Cystobacteraceae|g__Cystobacter|",-2.01647516463212,"Wheat-clover mix","k__Bacteria","p__Proteobacteria","c__Deltaproteobacteria","o__Myxococcales","f__Cystobacteraceae","g__Cystobacter",NA,"g__Cystobacter"
"55","k__Bacteria|p__Proteobacteria|c__Deltaproteobacteria|o__Myxococcales|f__Kofleriaceae|g__Kofleria|",-2.28291205459507,"No residue","k__Bacteria","p__Proteobacteria","c__Deltaproteobacteria","o__Myxococcales","f__Kofleriaceae","g__Kofleria",NA,"g__Kofleria"
"141","k__Bacteria|p__Proteobacteria|c__Deltaproteobacteria|o__Myxococcales|f__Kofleriaceae|g__Kofleria|",-2.22053707697836,"Wheat","k__Bacteria","p__Proteobacteria","c__Deltaproteobacteria","o__Myxococcales","f__Kofleriaceae","g__Kofleria",NA,"g__Kofleria"
"968","k__Bacteria|p__Proteobacteria|c__Deltaproteobacteria|o__Myxococcales|f__Kofleriaceae|g__Kofleria|",2.65269981605466,"Five-speices mix","k__Bacteria","p__Proteobacteria","c__Deltaproteobacteria","o__Myxococcales","f__Kofleriaceae","g__Kofleria",NA,"g__Kofleria"
"52","k__Bacteria|p__Proteobacteria|c__Deltaproteobacteria|o__Myxococcales|f__Labilitrichaceae|g__Labilithrix|",-2.29403533720502,"No residue","k__Bacteria","p__Proteobacteria","c__Deltaproteobacteria","o__Myxococcales","f__Labilitrichaceae","g__Labilithrix",NA,"g__Labilithrix"
"883","k__Bacteria|p__Proteobacteria|c__Deltaproteobacteria|o__Myxococcales|f__Labilitrichaceae|g__Labilithrix|",2.00068856726402,"Five-speices mix","k__Bacteria","p__Proteobacteria","c__Deltaproteobacteria","o__Myxococcales","f__Labilitrichaceae","g__Labilithrix",NA,"g__Labilithrix"
"335","k__Bacteria|p__Proteobacteria|c__Deltaproteobacteria|o__Myxococcales|f__Myxococcaceae|g__Aggregicoccus|",2.05720880046222,"Clover","k__Bacteria","p__Proteobacteria","c__Deltaproteobacteria","o__Myxococcales","f__Myxococcaceae","g__Aggregicoccus",NA,"g__Aggregicoccus"
"331","k__Bacteria|p__Proteobacteria|c__Deltaproteobacteria|o__Myxococcales|f__Myxococcaceae|g__Myxococcus|",2.01769093026088,"Clover","k__Bacteria","p__Proteobacteria","c__Deltaproteobacteria","o__Myxococcales","f__Myxococcaceae","g__Myxococcus",NA,"g__Myxococcus"
"557","k__Bacteria|p__Proteobacteria|c__Deltaproteobacteria|o__Myxococcales|f__Nannocystaceae|g__Nannocystis|",2.33674127758201,"No residue","k__Bacteria","p__Proteobacteria","c__Deltaproteobacteria","o__Myxococcales","f__Nannocystaceae","g__Nannocystis",NA,"g__Nannocystis"
"359","k__Bacteria|p__Proteobacteria|c__Deltaproteobacteria|o__Myxococcales|f__Nannocystaceae|g__Nannocystis|",3.03362477719554,"Clover","k__Bacteria","p__Proteobacteria","c__Deltaproteobacteria","o__Myxococcales","f__Nannocystaceae","g__Nannocystis",NA,"g__Nannocystis"
"711","k__Bacteria|p__Proteobacteria|c__Deltaproteobacteria|o__Myxococcales|f__Nannocystaceae|g__Nannocystis|",-2.7415454108763,"Wheat-clover mix","k__Bacteria","p__Proteobacteria","c__Deltaproteobacteria","o__Myxococcales","f__Nannocystaceae","g__Nannocystis",NA,"g__Nannocystis"
"93","k__Bacteria|p__Proteobacteria|c__Deltaproteobacteria|o__Myxococcales|f__Nannocystaceae|g__Nannocystis|",-2.81793144233576,"Five-speices mix","k__Bacteria","p__Proteobacteria","c__Deltaproteobacteria","o__Myxococcales","f__Nannocystaceae","g__Nannocystis",NA,"g__Nannocystis"
"896","k__Bacteria|p__Proteobacteria|c__Deltaproteobacteria|o__Myxococcales|f__Polyangiaceae|g__Minicystis|",2.05599990685859,"Five-speices mix","k__Bacteria","p__Proteobacteria","c__Deltaproteobacteria","o__Myxococcales","f__Polyangiaceae","g__Minicystis",NA,"g__Minicystis"
"552","k__Bacteria|p__Proteobacteria|c__Deltaproteobacteria|o__Myxococcales|f__Polyangiaceae|g__Sorangium|",2.01719877569955,"No residue","k__Bacteria","p__Proteobacteria","c__Deltaproteobacteria","o__Myxococcales","f__Polyangiaceae","g__Sorangium",NA,"g__Sorangium"
"43","k__Bacteria|p__Proteobacteria|c__Deltaproteobacteria|o__Myxococcales|f__Polyangiaceae|",-2.37569201387278,"No residue","k__Bacteria","p__Proteobacteria","c__Deltaproteobacteria","o__Myxococcales","f__Polyangiaceae",NA,NA,"f__Polyangiaceae"
"82","k__Bacteria|p__Proteobacteria|c__Deltaproteobacteria|o__Myxococcales|f__Polyangiaceae|",-2.14019849821562,"Clover","k__Bacteria","p__Proteobacteria","c__Deltaproteobacteria","o__Myxococcales","f__Polyangiaceae",NA,NA,"f__Polyangiaceae"
"966","k__Bacteria|p__Proteobacteria|c__Deltaproteobacteria|o__Myxococcales|f__Polyangiaceae|",2.59499864246332,"Five-speices mix","k__Bacteria","p__Proteobacteria","c__Deltaproteobacteria","o__Myxococcales","f__Polyangiaceae",NA,NA,"f__Polyangiaceae"
"342","k__Bacteria|p__Proteobacteria|c__Deltaproteobacteria|o__Myxococcales|f__Sandaracinaceae|g__Sandaracinus|",2.23112714652096,"Clover","k__Bacteria","p__Proteobacteria","c__Deltaproteobacteria","o__Myxococcales","f__Sandaracinaceae","g__Sandaracinus",NA,"g__Sandaracinus"
"242","k__Bacteria|p__Proteobacteria|c__Deltaproteobacteria|o__Myxococcales|f__Sandaracinaceae|g__Sandaracinus|",-2.0888648200985,"Five-speices mix","k__Bacteria","p__Proteobacteria","c__Deltaproteobacteria","o__Myxococcales","f__Sandaracinaceae","g__Sandaracinus",NA,"g__Sandaracinus"
"347","k__Bacteria|p__Proteobacteria|c__Deltaproteobacteria|o__Myxococcales|f__Vulgatibacteraceae|g__Vulgatibacter|",2.41395462263973,"Clover","k__Bacteria","p__Proteobacteria","c__Deltaproteobacteria","o__Myxococcales","f__Vulgatibacteraceae","g__Vulgatibacter",NA,"g__Vulgatibacter"
"231","k__Bacteria|p__Proteobacteria|c__Deltaproteobacteria|o__Myxococcales|f__Vulgatibacteraceae|g__Vulgatibacter|",-2.08644120325238,"Wheat-clover mix","k__Bacteria","p__Proteobacteria","c__Deltaproteobacteria","o__Myxococcales","f__Vulgatibacteraceae","g__Vulgatibacter",NA,"g__Vulgatibacter"
"271","k__Bacteria|p__Proteobacteria|c__Deltaproteobacteria|o__Myxococcales|f__Vulgatibacteraceae|g__Vulgatibacter|",-2.06096320951618,"Five-speices mix","k__Bacteria","p__Proteobacteria","c__Deltaproteobacteria","o__Myxococcales","f__Vulgatibacteraceae","g__Vulgatibacter",NA,"g__Vulgatibacter"
"30","k__Bacteria|p__Proteobacteria|c__Deltaproteobacteria|o__Myxococcales|",-2.50063068607253,"No residue","k__Bacteria","p__Proteobacteria","c__Deltaproteobacteria","o__Myxococcales",NA,NA,NA,"o__Myxococcales"
"955","k__Bacteria|p__Proteobacteria|c__Deltaproteobacteria|o__Myxococcales|",2.46970841350565,"Five-speices mix","k__Bacteria","p__Proteobacteria","c__Deltaproteobacteria","o__Myxococcales",NA,NA,NA,"o__Myxococcales"
"6","k__Bacteria|p__Proteobacteria|c__Deltaproteobacteria|",-2.81243285048113,"No residue","k__Bacteria","p__Proteobacteria","c__Deltaproteobacteria",NA,NA,NA,NA,"c__Deltaproteobacteria"
"1016","k__Bacteria|p__Proteobacteria|c__Deltaproteobacteria|",3.20694808849186,"Five-speices mix","k__Bacteria","p__Proteobacteria","c__Deltaproteobacteria",NA,NA,NA,NA,"c__Deltaproteobacteria"
"903","k__Bacteria|p__Proteobacteria|c__Gammaproteobacteria|o__Chromatiales|f__Ectothiorhodospiraceae|",2.09517460300026,"Five-speices mix","k__Bacteria","p__Proteobacteria","c__Gammaproteobacteria","o__Chromatiales","f__Ectothiorhodospiraceae",NA,NA,"f__Ectothiorhodospiraceae"
"925","k__Bacteria|p__Proteobacteria|c__Gammaproteobacteria|o__Chromatiales|",2.22194661592354,"Five-speices mix","k__Bacteria","p__Proteobacteria","c__Gammaproteobacteria","o__Chromatiales",NA,NA,NA,"o__Chromatiales"
"33","k__Bacteria|p__Proteobacteria|c__Gammaproteobacteria|o__Gammaproteobacteria_incertae_sedis|f__Acidibacter|",-2.45507098350103,"No residue","k__Bacteria","p__Proteobacteria","c__Gammaproteobacteria","o__Gammaproteobacteria_incertae_sedis","f__Acidibacter",NA,NA,"f__Acidibacter"
"411","k__Bacteria|p__Proteobacteria|c__Gammaproteobacteria|o__Gammaproteobacteria_incertae_sedis|f__Acidibacter|",-2.31388361181383,"Clover","k__Bacteria","p__Proteobacteria","c__Gammaproteobacteria","o__Gammaproteobacteria_incertae_sedis","f__Acidibacter",NA,NA,"f__Acidibacter"
"990","k__Bacteria|p__Proteobacteria|c__Gammaproteobacteria|o__Gammaproteobacteria_incertae_sedis|f__Acidibacter|",2.87513876638138,"Five-speices mix","k__Bacteria","p__Proteobacteria","c__Gammaproteobacteria","o__Gammaproteobacteria_incertae_sedis","f__Acidibacter",NA,NA,"f__Acidibacter"
"333","k__Bacteria|p__Proteobacteria|c__Gammaproteobacteria|o__Gammaproteobacteria_incertae_sedis|f__Candidatus_Carsonella|",2.03879701364547,"Clover","k__Bacteria","p__Proteobacteria","c__Gammaproteobacteria","o__Gammaproteobacteria_incertae_sedis","f__Candidatus_Carsonella",NA,NA,"f__Candidatus_Carsonella"
"41","k__Bacteria|p__Proteobacteria|c__Gammaproteobacteria|o__Legionellales|f__Coxiellaceae|g__Aquicella|",-2.39247706326838,"No residue","k__Bacteria","p__Proteobacteria","c__Gammaproteobacteria","o__Legionellales","f__Coxiellaceae","g__Aquicella",NA,"g__Aquicella"
"980","k__Bacteria|p__Proteobacteria|c__Gammaproteobacteria|o__Legionellales|f__Coxiellaceae|g__Aquicella|",2.76158746911758,"Five-speices mix","k__Bacteria","p__Proteobacteria","c__Gammaproteobacteria","o__Legionellales","f__Coxiellaceae","g__Aquicella",NA,"g__Aquicella"
"910","k__Bacteria|p__Proteobacteria|c__Gammaproteobacteria|o__Legionellales|f__Legionellaceae|g__Legionella|",2.12751700080953,"Five-speices mix","k__Bacteria","p__Proteobacteria","c__Gammaproteobacteria","o__Legionellales","f__Legionellaceae","g__Legionella",NA,"g__Legionella"
"934","k__Bacteria|p__Proteobacteria|c__Gammaproteobacteria|o__Nevskiales|f__Steroidobacteraceae|g__Povalibacter|",2.28943462688244,"Five-speices mix","k__Bacteria","p__Proteobacteria","c__Gammaproteobacteria","o__Nevskiales","f__Steroidobacteraceae","g__Povalibacter",NA,"g__Povalibacter"
"63","k__Bacteria|p__Proteobacteria|c__Gammaproteobacteria|o__Nevskiales|f__Steroidobacteraceae|g__Steroidobacter|",-2.1739594557908,"No residue","k__Bacteria","p__Proteobacteria","c__Gammaproteobacteria","o__Nevskiales","f__Steroidobacteraceae","g__Steroidobacter",NA,"g__Steroidobacter"
"251","k__Bacteria|p__Proteobacteria|c__Gammaproteobacteria|o__Nevskiales|f__Steroidobacteraceae|g__Steroidobacter|",-2.00104964135491,"Wheat-clover mix","k__Bacteria","p__Proteobacteria","c__Gammaproteobacteria","o__Nevskiales","f__Steroidobacteraceae","g__Steroidobacter",NA,"g__Steroidobacter"
"939","k__Bacteria|p__Proteobacteria|c__Gammaproteobacteria|o__Nevskiales|f__Steroidobacteraceae|g__Steroidobacter|",2.35143414208507,"Five-speices mix","k__Bacteria","p__Proteobacteria","c__Gammaproteobacteria","o__Nevskiales","f__Steroidobacteraceae","g__Steroidobacter",NA,"g__Steroidobacter"
"334","k__Bacteria|p__Proteobacteria|c__Gammaproteobacteria|o__Xanthomonadales|f__Rhodanobacteraceae|g__Rhodanobacter|",2.04864509438728,"Clover","k__Bacteria","p__Proteobacteria","c__Gammaproteobacteria","o__Xanthomonadales","f__Rhodanobacteraceae","g__Rhodanobacter",NA,"g__Rhodanobacter"
"918","k__Bacteria|p__Proteobacteria|c__Gammaproteobacteria|o__Xanthomonadales|f__Rhodanobacteraceae|g__Rudaea|",2.18358397853825,"Five-speices mix","k__Bacteria","p__Proteobacteria","c__Gammaproteobacteria","o__Xanthomonadales","f__Rhodanobacteraceae","g__Rudaea",NA,"g__Rudaea"
"921","k__Bacteria|p__Proteobacteria|c__Gammaproteobacteria|o__Xanthomonadales|f__Xanthomonadaceae|g__Arenimonas|",2.19915156947904,"Five-speices mix","k__Bacteria","p__Proteobacteria","c__Gammaproteobacteria","o__Xanthomonadales","f__Xanthomonadaceae","g__Arenimonas",NA,"g__Arenimonas"
"339","k__Bacteria|p__Proteobacteria|c__Gammaproteobacteria|o__Xanthomonadales|f__Xanthomonadaceae|g__Lysobacter|",2.18092761978058,"Clover","k__Bacteria","p__Proteobacteria","c__Gammaproteobacteria","o__Xanthomonadales","f__Xanthomonadaceae","g__Lysobacter",NA,"g__Lysobacter"
"321","k__Bacteria|p__Proteobacteria|c__Gammaproteobacteria|o__Xanthomonadales|f__Xanthomonadaceae|g__Lysobacter|",2.11732338338692,"Wheat-clover mix","k__Bacteria","p__Proteobacteria","c__Gammaproteobacteria","o__Xanthomonadales","f__Xanthomonadaceae","g__Lysobacter",NA,"g__Lysobacter"
"153","k__Bacteria|p__Proteobacteria|c__Gammaproteobacteria|o__Xanthomonadales|f__Xanthomonadaceae|g__Lysobacter|",-2.44296550639531,"Five-speices mix","k__Bacteria","p__Proteobacteria","c__Gammaproteobacteria","o__Xanthomonadales","f__Xanthomonadaceae","g__Lysobacter",NA,"g__Lysobacter"
"14","k__Bacteria|p__Proteobacteria|c__Gammaproteobacteria|",-2.67511928420977,"No residue","k__Bacteria","p__Proteobacteria","c__Gammaproteobacteria",NA,NA,NA,NA,"c__Gammaproteobacteria"
"1008","k__Bacteria|p__Proteobacteria|c__Gammaproteobacteria|",3.09048679907331,"Five-speices mix","k__Bacteria","p__Proteobacteria","c__Gammaproteobacteria",NA,NA,NA,NA,"c__Gammaproteobacteria"
"5","k__Bacteria|p__Proteobacteria|",-2.8923598578795,"No residue","k__Bacteria","p__Proteobacteria",NA,NA,NA,NA,NA,"p__Proteobacteria"
"1018","k__Bacteria|p__Proteobacteria|",3.29990893879301,"Five-speices mix","k__Bacteria","p__Proteobacteria",NA,NA,NA,NA,NA,"p__Proteobacteria"
"37","k__Bacteria|p__Verrucomicrobia|c__Spartobacteria|",-2.42293844540229,"No residue","k__Bacteria","p__Verrucomicrobia","c__Spartobacteria",NA,NA,NA,NA,"c__Spartobacteria"
"974","k__Bacteria|p__Verrucomicrobia|c__Spartobacteria|",2.72565130918305,"Five-speices mix","k__Bacteria","p__Verrucomicrobia","c__Spartobacteria",NA,NA,NA,NA,"c__Spartobacteria"
"38","k__Bacteria|p__Verrucomicrobia|c__Subdivision3|",-2.41901294990998,"No residue","k__Bacteria","p__Verrucomicrobia","c__Subdivision3",NA,NA,NA,NA,"c__Subdivision3"
"986","k__Bacteria|p__Verrucomicrobia|c__Subdivision3|",2.84912672559112,"Five-speices mix","k__Bacteria","p__Verrucomicrobia","c__Subdivision3",NA,NA,NA,NA,"c__Subdivision3"
"349","k__Bacteria|p__Verrucomicrobia|",2.43268124075561,"Clover","k__Bacteria","p__Verrucomicrobia",NA,NA,NA,NA,NA,"p__Verrucomicrobia"
"182","k__Bacteria|p__Verrucomicrobia|",-2.25745314983075,"Wheat-clover mix","k__Bacteria","p__Verrucomicrobia",NA,NA,NA,NA,NA,"p__Verrucomicrobia"
"183","k__Bacteria|p__Verrucomicrobia|",-2.34273829679723,"Five-speices mix","k__Bacteria","p__Verrucomicrobia",NA,NA,NA,NA,NA,"p__Verrucomicrobia"
"210","k__Bacteria|",-3.22197426912502,"Wheat","k__Bacteria",NA,NA,NA,NA,NA,NA,"k__Bacteria"
"261","k__Bacteria|",-3.22508706900885,"Wheat-clover mix","k__Bacteria",NA,NA,NA,NA,NA,NA,"k__Bacteria"
"1023","k__Bacteria|",3.75804269515758,"Five-speices mix","k__Bacteria",NA,NA,NA,NA,NA,NA,"k__Bacteria"
